facid,fac_type,capacity,fac_name,fac_address,city_state_zip,,owner,operator
385008,NF,96,Presbyterian Community Care Center,1085 N Oregon St,"Ontario, OR 97914",,"Presbyterian Nursing Home, Inc.","Presbyterian Nursing Home, Inc."
385010,NF,159,Laurelhurst Village Rehabilitation Center,3060 SE Stark St,"Portland, OR 97214",,"Laurelhurst Operations, LLC","Laurelhurst Operations, LLC"
385015,NF,128,Regency Gresham Nursing & Rehabilitation Center,5905 SE Powell Valley Rd,"Gresham, OR 97080",,"Regency Gresham Nursing & Rehabilitation Center, LLC","Regency Pacific Management, LLC"
385018,NF,98,Providence Benedictine Nursing Center,540 South Main St,"Mt. Angel, OR 97362",,Providence Health & Services - Oregon,Providence Health & Services - Oregon
385024,NF,91,Avamere Health Services of Rogue Valley,625 Stevens St,"Medford, OR 97504",,"Medford Operations, LLC","Medford Operations, LLC"
385031,NF,127,Avamere Crestview of Portland,6530 SW 30th Avenue,"Portland, OR 97239",,"Crestview Operations, LLC","Crestview Operations, LLC"
385039,NF,84,Baycrest Health Center,3959 Sheridan Ave,"North Bend, OR 97459",,"Bay Area Properties, LLC","Radiant Senior Living, Inc."
385044,NF,83,Prestige Care and Rehabilitation of Menlo Park,745 NE 122nd Ave,"Portland, OR 97230",,Care Center (Menlo Park) Inc.,"Prestige Care, Inc."
385045,NF,99,Porthaven Healthcare Center,5330 NE Prescott,"Portland, OR 97218",,Care Center (Porthaven) Inc.,"Prestige Care, Inc."
385046,NF,83,Hillside Heights Rehabilitation Center,1201 McLean Blvd,"Eugene, OR 97405",,Hillside Heights L.L.C.,"Pinnacle Healthcare Management, Inc."
385049,NF,90,Columbia Basin Care Facility,1015 Webber Rd,"The Dalles, OR 97058",,"Wasco County Nursing Care, Inc.","Aidan Health Services, Inc."
385053,NF,92,Avamere Rehabilitation of Eugene,2360 Chambers St,"Eugene, OR 97405",,"Eugene Rehabilitation, LLC.","Eugene Rehabilitation, LLC."
385055,NF,64,Prestige Care and Rehabilitation of Reedwood,3540 SE Francis St,"Portland, OR 97202",,Care Center (Reedwood) Inc.,Prestige Care Inc.
385064,NF,102,Regency Care of Rogue Valley,1710 NE Fairview Ave,"Grants Pass, OR 97526",,"BD Grants Pass I, LLC","Regency Pacific Management, LLC"
385068,NF,106,Village Health Care,3955 SE 182nd Ave,"Gresham, OR 97030",,"Village Health Care I, LLC","Village Health Care I, LLC"
385072,NF,135,Corvallis Manor Nursing & Rehabilitation Center,160 NE Conifer Blvd,"Corvallis, OR 97330",,"MCH Enterprises, Inc.","Pinnacle Healthcare Management, Inc."
385077,NF,136,Marquis Springfield,1333 N First,"Springfield, OR 97477",,"Marquis Companies I, Inc.","Marquis Companies I, Inc."
385091,NF,87,Hearthstone Nursing and Rehabilitation Center,2901 E Barnett Rd,"Medford, OR 97504",,"Hearthstone Operator, LLC","Pinnacle Healthcare Management, Inc."
385104,NF,100,Hood River Care Center,729 Henderson Rd,"Hood River, OR 97031",,"Care Center (Hood River) Inc.,","Prestige Care, Inc."
385107,NF,67,Timberview Care Center,1023 6th Avenue Southwest,"Albany, OR 97321",,"PCI Care Venture I, Inc.","Prestige Care, Inc."
385112,NF,180,West Hills Health & Rehabilitation Center,5701 SW Multnomah Blvd,"Portland, OR 97219",,West Hills Convalescent Center Limited Partnership,West Hills Convalescent Center Limited Partnership
385115,NF,47,Lakeview Gardens LLC,700 South J,"Lakeview, OR 97630",,"Lakeview Gardens, LLC","Lakeview Gardens, LLC"
385117,NF,80,French Prairie Nursing and Rehabilitation Center,601 Evergreen Rd,"Woodburn, OR 97071",,"3C2MD, Inc.","Pinnacle Healthcare Management, Inc."
385120,NF,121,Valley West Health Care Center,2300 Warren St,"Eugene, OR 97405",,"Life Care Centers Of America, Inc.","Life Care Centers Of America, Inc."
385121,NF,100,Friendship Health Center,3320 SE Holgate Blvd,"Portland, OR 97202",,"Friendship Health Center, Inc.","Friendship Health Center, Inc."
385125,NF,95,Avamere Rehabilitation of Oregon City,1400 Division St,"Oregon City, OR 97045",,"Mountain View Rehab, LLC","Mountain View Rehab, LLC"
385126,NF,117,Avamere at Three Fountains,835 Crater Lake Ave,"Medford, OR 97504",,"Waterford Operations, LLC","Waterford Operations, LLC"
385132,NF,148,Avamere Rehabilitation of King City,16485 SW Pacific Hwy,"Tigard, OR 97224",,"King City Rehab, LLC","King City Rehab, LLC"
385133,NF,82,Good Samaritan Society - Fairlawn Village,3457 NE Division,"Gresham, OR 97030",,Evangelical Lutheran Good Sam. Society,Evangelical Lutheran Good Sam. Society
385136,NF,100,Glisan Care Center,9750 NE Glisan St,"Portland, OR 97220",,Care Center (Glisan) Inc.,"Prestige Care, Inc."
385137,NF,95,Marquis Plum Ridge,1401 Bryant Williams Dr,"Klamath Falls, OR 97601",,"Marquis Companies I, Inc.","Marquis Companies I, Inc."
385138,NF,74,Pilot Butte Rehabilitation Center,1876 NE Hwy 20,"Bend, OR 97701",,"BD Bend II, LLC","Regency Pacific Management, LLC"
385141,NF,120,Marquis Mt Tabor,6040 SE Belmont,"Portland, OR 97215",,"Marquis Companies I, Inc.","Marquis Companies I, Inc."
385142,NF,72,Regency Florence,1951 E 21St Street,"Florence, OR 97439",,"Regency Florence, LLC","Regency Pacific Management, LLC"
385143,NF,118,Umpqua Valley Nursing & Rehabilitation Center,525 W Umpqua St,"Roseburg, OR 97470",,"Umpqua Valley Nursing & Rehabilitation Center, LLC","Pinnacle Healthcare Management, Inc."
385144,NF,71,Clatsop Care Center,646 16th St,"Astoria, OR 97103",,Clatsop Care Center Health District,Clatsop Care Center Health District
385145,NF,88,Robison Jewish Health Center,6125 SW Boundary,"Portland, OR 97221",,Robison Jewish Home,Robison Jewish Home
385147,NF,87,Good Samaritan Society - Eugene Village,3500 Hilyard St,"Eugene, OR 97405",,The Evangelical Lutheran Good Samaritan,The Evangelical Lutheran Good Samaritan
385148,NF,145,Royale Gardens Health & Rehabilitation Center,2075 NW Highland Ave,"Grants Pass, OR 97526",,"RGO, LLC","Pinnacle Healthcare Management, Inc."
385149,NF,119,Highland House Nursing & Rehabilitation Center,2201 NW Highland Ave,"Grants Pass, OR 97526",,Highland House Inc.,"Pinnacle Healthcare Management, Inc."
385150,NF,92,Molalla Manor Care Center,301 Ridings Ave,"Molalla, OR 97038",,Care Center (Molalla) Inc.,"Prestige Care, Inc."
385151,NF,121,Rose Haven Nursing Center,740 NW Hill Place,"Roseburg, OR 97471",,"Fisher Care, Inc.","Pinnacle Healthcare Management, Inc."
385152,NF,80,Coast Fork Nursing Center,515 Grant St.,"Cottage Grove, OR 97424",,"Coast Fork Nursing Center, Inc.","Prestige Care, Inc."
385155,NF,114,Forest Grove Rehabilitation and Care Center,3900 Pacific Ave,"Forest Grove, OR 97116",,"PCI Care Venture I, Inc.","Prestige Care, Inc."
385156,NF,110,Green Valley Rehabilitation Health Center,1735 Adkins St,"Eugene, OR 97401",,Green Valley L.L.C.,"Pinnacle Healthcare Management, Inc."
385157,NF,114,Life Care Center Of Coos Bay,2890 Ocean Boulevard,"Coos Bay, OR 97420",,"Life Care Centers Of America, Inc.","Life Care Centers Of America, Inc."
385161,NF,129,Milton Freewater Health and Rehabilitation Center,120 Elzora St,"Milton-Freewater, OR 97862",,"Evergreen Oregon Healthcare Orchards Rehabilitation, L.L.C.","EmpRes Healthcare Management, LLC"
385162,NF,52,Avamere Rehabilitation of Newport,835 SW 11th,"Newport, OR 97365",,"Newport Rehabilitation, LLC.","Newport Rehabilitation, LLC."
385164,NF,29,Aidan Senior Living at Reedsport,600 Ranch Rd,"Reedsport, OR 97467",,"Aidan Senior Living at Reedsport, Inc","Aidan Senior Living at Reedsport, Inc"
385165,NF,59,Good Samaritan Society - Curry Village,1 Park Avenue,"Brookings, OR 97415",,The Evangelical Lutheran Good Samaritan,The Evangelical Lutheran Good Samaritan
385166,NF,165,Maryville Nursing Home,14645 SW Farmington Rd,"Beaverton, OR 97007",,Sisters of St. Mary of Oregon Maryville Corp.,Sisters of St. Mary of Oregon Maryville Corp.
385167,NF,110,South Hills Rehabilitation Center,1166 East 28th Ave,"Eugene, OR 97403",,"Garber Enterprises, Inc.","Pinnacle Healthcare Management, Inc."
385168,NF,84,Avamere Rehabilitation of Lebanon,350 S 8th St,"Lebanon, OR 97355",,"Lebanon Care Center, LLC","Lebanon Care Center, LLC"
385171,NF,110,Life Care Center Of McMinnville,1309 NE 27th St,"McMinnville, OR 97128",,"McMinnville Medical Investors , LLC ","Life Care Centers Of America, Inc."
385172,NF,83,The Dalles Health and Rehabilitation Center,1023 W 25th,"The Dalles, OR 97058",,"Evergreen Oregon Healthcare Valley Vista, L.L.C.","EmpRes Healthcare Management, LLC"
385180,NF,54,Marquis Newberg,441 Werth Blvd.,"Newberg, OR 97132",,"Marquis Companies I, Inc.","Marquis Companies I, Inc."
385181,NF,20,"East Cascade Retirement Community, LLC",175 NE 16th St.,"Madras, OR 97741",,"East Cascade Retirement Community, LLC","Senior Housing Managers, LLC"
385182,NF,76,Creswell Health and Rehabilitation Center,735 South 2nd St,"Creswell, OR 97426",,Care Center (Laneco) Inc.,Prestige Care Inc.
385183,NF,80,Marquis Centennial Post Acute Rehab,725 SE 202nd Ave,"Portland, OR 97233",,"Marquis Companies II, Inc.","Marquis Companies I, Inc."
385185,NF,119,Avamere Riverpark of Eugene,425 Alexander Loop,"Eugene, OR 97401",,"Riverpark Operations, LLC","Riverpark Operations, LLC"
385187,NF,105,Cascade Terrace Nursing Center,5601 SE 122nd,"Portland, OR 97236",,Care Center (Cascade Terrace) Inc.,"Prestige Care, Inc."
385188,NF,80,Independence Health and Rehabilitation Center,1525 Monmouth St,"Independence, OR 97351",,Evergreen Oregon Healthcare Independence L.L.C.,"EmpRes Healthcare Management, LLC"
385189,NF,88,Avamere Transitional Care at Sunnyside,4515 Sunnyside Rd SE,"Salem, OR 97302",,"Sunnyside Operations, LLC","Sunnyside Operations, LLC"
385190,NF,78,Prestige Post-Acute and Rehabilitation Center-Gresham,405 NE 5th St,"Gresham, OR 97030",,Pacific Regency Care LLC,Prestige Care Inc.
385195,NF,104,Avamere Rehabilitation of Beaverton,11850 SW Allen Blvd,"Beaverton, OR 97005",,"Beaverton Rehab & Specialty Care, LLC","Beaverton Rehab & Specialty Care, LLC"
385197,NF,87,Linda Vista Nursing & Rehab Center,135 Maple St,"Ashland, OR 97520",,Care Center (Linda Vista) Inc.,"Prestige Care, Inc."
385199,NF,84,Chehalem Health & Rehab Center,1900 E Fulton St,"Newberg, OR 97132",,Care Center (Chehalem) Inc.,"Prestige Care, Inc."
385200,NF,6,Willamette View Health Center,13145 SE River Rd,"Milwaukie, OR 97222",,"Willamette View, Inc. dba","Willamette View, Inc."
385201,NF,59,Willowbrook Terrace,707 SW 37th Street,"Pendleton, OR 97801",,"Care Center (Willowbrook), Inc.","Prestige Care, Inc."
385203,NF,87,Avamere Rehabilitation of Clackamas,220 East Hereford,"Gladstone, OR 97027",,"Clackamas Rehabilitation , LLC.","Clackamas Rehabilitation, LLC."
385204,NF,63,Marquis Forest Grove Post Acute Rehab,3300 19th Avenue,"Forest Grove, OR 97116",,"Marquis Companies II, Inc.","Marquis Companies I, Inc."
385206,NF,95,Mennonite Home,5353 Columbus Street Southeast,"Albany, OR 97322",,"Mennonite Home Of Albany, Inc.","Mennonite Home Of Albany, Inc."
385207,NF,121,Dallas Retirement Village Health Center,377 NW Jasper Street,"Dallas, OR 97338",,"Dallas Health Care Center, LLC",Life Care Services LLC
385208,NF,70,Marquis Piedmont Post Acute Rehab,319 NE Russet,"Portland, OR 97211",,"Marquis Companies II, Inc.","Marquis Companies I, Inc."
385211,NF,76,LaGrande Post Acute Rehab,91 Aries Lane,"La Grande, OR 97850",,"Evergreen Oregon Healthcare Mt Vista, L.L.C.","EmpRes Healthcare Management, LLC"
385214,NF,54,Marquis Mill Park,1475 SE 100th Avenue,"Portland, OR 97216",,"Marquis Companies I, Inc.","Marquis Companies I, Inc."
385217,NF,78,EmpRes Hillsboro Health and Rehabilitation Center,1778 NE Cornell Rd,"Hillsboro, OR 97124",,"Evergreen Oregon Healthcare Tualatin, L.L.C.","EmpRes Healthcare Management, LLC"
385218,NF,73,Marquis Vermont Hills,6010 SW Shattuck Rd,"Portland, OR 97221",,"Marquis Companies I, Inc.","Marquis Companies I, Inc."
385219,NF,93,Care Center East Health & Specialty Care Center,11325 NE Weidler,"Portland, OR 97220",,FMG Northeast Weidler Street Oregon LLC,FMG Northeast Weidler Street Oregon LLC
385220,NF,74,Regency Albany,805 19th St. SE,"Albany, OR 97322",,"Regency Albany, LLC","Regency Pacific Management, LLC"
385221,NF,102,Marquis Oregon City Post Acute Rehab,1680 Molalla Avenue,"Oregon City, OR 97045",,"Marquis Companies II, Inc.","Marquis Companies I, Inc."
385222,NF,92,Meadow Park Health & Specialty Care Center,75 Shore Drive,"St Helens, OR 97051",,"FMG Shore Drive Oregon, LLC","FMG Shore Drive Oregon, LLC"
385224,NF,100,Windsor Health and Rehabilitation Center,820 Cottage St NE,"Salem, OR 97301",,Evergreen Oregon Healthcare Salem L.L.C.,"EmpRes Healthcare Management, LLC"
385225,NF,96,Prestige Post-Acute and Rehabilitation Center - McMinnville,421 S Evans St,"McMinnville, OR 97128",,Care Center (McMinnville) Inc.,"Prestige Care, Inc."
385228,NF,105,Portland Health and Rehabilitation Center,12441 SE Stark St,"Portland, OR 97233",,"Evergreen Oregon Healthcare Portland, L.L.C.","EmpRes Healthcare Management, LLC"
385229,NF,53,Avamere Rehabilitation of Junction City,530 Birch St,"Junction City, OR 97448",,"Junction City Rehabilitation, LLC.","Junction City Rehabilitation, LLC."
385230,NF,50,Regency Redmond Rehabilitation and Nursing Center,3025 SW Reservoir,"Redmond, OR 97756",,"BD Redmond IV, LLC","Regency Pacific Management, LLC"
385232,NF,44,Laurel Hill Nursing Center,859 NE Sixth St,"Grants Pass, OR 97526",,"BD Grants Pass II, LLC","Regency Pacific Management, LLC"
385233,NF,69,Avamere Court at Keizer,5210 River Rd N,"Keizer, OR 97303",,"Keizer Campus Operations, LLC","Keizer Campus Operations, LLC"
385234,NF,80,Salem Transitional Care,3445 Boone Road SE,"Salem, OR 97317",,"South Salem Rehabilitation, LLC.","South Salem Rehabilitation, LLC."
385236,NF,51,Town Center Village Rehab,8607 SE Causey Ave,"Portland, OR 97086",,"TVC Employees, LLC","Generations, LLC"
385237,NF,63,Fernhill Estates,5737 NE 37th,"Portland, OR 97211",,"Fernhill Estates, LLC","Dakavia Management, Corp."
385239,NF,92,Avamere Rehabilitation of Coos Bay,2625 Koos Bay Blvd,"Coos Bay, OR 97420",,"Coos Bay Rehabilitation, LLC.","Coos Bay Rehabilitation, LLC."
385240,NF,214,Marian Estates,390 Church St,"Sublimity, OR 97385",,"Ernmaur, Inc.",Marian Estates Support Services
385241,NF,49,Sherwood Park Nursing & Rehab Center,4062 Arleta Ave NE,"Keizer, OR 97303",,"Sherwood Park Nursing Home, Inc.","Sherwood Park Nursing Home, Inc."
385242,NF,41,Avamere Twin Oaks of Sweet Home,950 Nandina Street,"Sweet Home, OR 97386",,"Twin Oaks Rehab, LLC.","Twin Oaks Rehab, LLC."
385244,NF,50,Nehalem Valley Care Center,"PO Box 6, 280 Rowe St","Wheeler, OR 97147",,"Wheeler Care Center, LLC","Aidan Health Services, Inc."
385245,NF,53,Oregon City Health Care Center,148 Hood St,"Oregon City, OR 97045",,Care Center (Oregon City) Inc.,"Prestige Care, Inc."
385250,NF,68,Rogue Valley Manor Health Center,1200 Mira Mar Ave,"Medford, OR 97504",,Rogue Valley Manor,"Pacific Retirement Services, Inc."
385251,NF,87,Avamere Rehabilitation of Hillsboro,650 SE Oak St,"Hillsboro, OR 97123",,"Peckham-Miller, Inc. dba","Peckham-Miller, Inc."
385253,NF,49,Bend Transitional Care,900 NE 27th Street,"Bend, OR 97701",,"Ohana Harmony House, LLC","Ohana Harmony House, LLC"
385254,NF,35,Myrtle Point Care Center, 637 Ash St,"Myrtle Point, OR 97458",,"Care Centers Management, Inc.","Dakavia Management, Corp."
385257,NF,151,Oregon Veterans' Home,700 Veterans Drive,"The Dalles, OR 97058",,Oregon Dept Of Veterans Affairs,Veterans Care Centers of Oregon
385258,NF,55,Park Forest Care Center,8643 NE Beech St,"Portland, OR 97220",,Care Center ( Park Forest) Inc.,"Prestige Care, Inc."
385259,NF,51,Holladay Park Plaza,1300 NE 16th Ave,"Portland, OR 97232",,"Holladay Park Plaza, Inc.","Pacific Retirement Services, Inc."
385260,NF,50,Marquis Hope Village,1577 S Ivy,"Canby, OR 97013",,"Marquis Companies I, Inc.","Marquis Companies I, Inc."
385261,NF,44,Regency Prineville Rehabilitation and Nursing Center,950 NE Elm Street,"Prineville, OR 97754",,"BD Prineville II, LLC","Regency Pacific Management, LLC"
385262,NF,52,Marquis Silver Garden,115 S James St,"Silverton, OR 97381",,"Marquis Companies I, Inc.","Marquis Companies I, Inc."
385263,NF,105,Regency Hermiston Nursing & Rehabilitation Center,970 W Juniper Ave,"Hermiston, OR 97838",,"Regency Hermiston Nursing & Rehabilitation Center, LLC","Regency Pacific Management, LLC"
385264,NF,53,"Trinity Mission Health & Rehab of Portland, LLC",10435 SE Cora,"Portland, OR 97266",,"Trinity Mission Health & Rehab of Portland, LLC","Trinity Mission Health & Rehab of Portland, LLC"
385265,NF,5,Mary's Woods at Marylhurst,17360 Holy Names Drive,"Lake Oswego, OR 97034",,"Mary's Woods at Marylhurst, Inc.","Mary's Woods at Marylhurst, Inc."
385266,NF,50,Marquis Wilsonville Post Acute Rehab,30900 SW Parkway Avenue,"Wilsonville, OR 97070",,"Marquis Companies II, Inc.","Marquis Companies I, Inc."
385268,NF,59,Gateway Care & Retirement Center,39 NE 102nd,"Portland, OR 97220",,"Sapphire at Gateway, LCC","Sapphire at Gateway, LLC"
385270,NF,96,Prestige Post-Acute and Rehabilitation Center - Milwaukie,12045 SE Stanley Ave.,"Milwaukie, OR 97222",,"Care Center (Milwaukie), Inc.","Prestige Care, Inc."
385271,NF,45,"Pearl at Kruse Way, The",4550 Carman Drive,"Lake Oswego, OR 97035",,"Avamere Lake Oswego Operations Investors, LLC","Avamere Lake Oswego Operations Investors, LLC"
385272,NF,112,Pacific Health and Rehabilitation,14145 SW 105th Ave.,"Tigard, OR 97224",,"Pacific Gardens Estates, LLC","Dakavia Management, Corp."
385273,NF,33,Pioneer Nursing Home,1060 D Street W,"Vale, OR 97918",,Pioneer Nursing Home Health District,Pioneer Nursing Home Health District
385275,NF,51,Sheridan Care Center,411 SE Sheridan Road,"Sheridan, OR 97378",,"Sheridan Care Center, LLC ","Dakavia Management, Corp."
38A001,NF,58,Providence Child Center,830 NE 47th Ave,"Portland, OR 97213",,Providence Health & Services - Oregon,Providence Health & Services - Oregon
38A026,NF,39,Marquis Autumn Hills Memory Care,6630 SW  Beav-Hillsdale Hwy,"Portland, OR 97225",,"Marquis Companies II, Inc.","Marquis Companies II, Inc."
3.80E+19,NF,71,Rose Linn Care Center,2330 Debok,"West Linn, OR 97068",,"West Linn Care Center Operating Company, LLC","Benicia Senior Living, LLC"
3.80E+25,NF,40,Columbia Care Center,33910 E Columbia Ave PO Box 1068,"Scappoose, OR 97056",,EEA Company,EEA Company
3.80E+33,NF,46,Regency Care of Central Oregon,119 SE Wilson Ave,"Bend, OR 97702",,"BD Bend III, LLC","Regency Pacific Management, LLC"
3.80E+41,NF,40,Blue Mountain Care Center,112 E Fifth St-PO Box 305,"Prairie City, OR 97869",,Blue Mountain Hospital District,Blue Mountain Hospital District
3.80E+76,NF,76,Tierra Rose Care Center,4254 Weathers St NE,"Salem, OR 97301",,"CML, Inc.","CML, Inc."
3.80E+127,NF,114,Healthcare at Foster Creek,6003 SE 136th,"Portland, OR 97236",,"St. Jude Operating Company, LLC","Benicia Senior Living, LLC"
3.80E+158,NF,30,Rose City Nursing Home,34 NE 20th,"Portland, OR 97232",,"Geistlinger Enterprises, Inc.","Geistlinger Enterprises, Inc."
3.80E+174,NF,40,Cornerstone Care Option,12640 SE Bush,"Portland, OR 97236",,"Cornerstone Care Option, Inc","Cornerstone Care Option, Inc."
3.80E+175,NF,60,Village Manor,2060 NE 238th Drive,"Wood Village, OR 97060",,"V.M.C., Inc.","V.M.C., Inc."
3.80E+189,NF,80,Gracelen Terrace Long Term Care Facility,10948 SE Boise St,"Portland, OR 97266",,"H & L Care Centers, Inc.","H & L Care Centers, Inc."
3.80E+197,NF,41,Lawrence Convalescent Center,812 SE 48th Ave,"Portland, OR 97215",,Charles Lawrence,Charles Lawrence
38L300,NF,54,Marquis Tualatin Post Acute Rehab,19945 SW Boones Ferry,"Tualatin, Oregon, OR 97062",,"Marquis Companies II, Inc.","Marquis Companies I, Inc."
38L400,NF,44,Mirabella Portland,3550 SW Bond Ave.,"Portland, OR 97239",,Mirabella at South Waterfront,"Pacific Retirement Services, Inc."
38L501,NF,20,Village at Hillside,440 NW Hillside Parkway,"McMinnville, OR 97128",,"EmeriCare, Inc","EmeriCare, Inc."
38L503,NF,154,Lebanon Veterans Home,600 North 5th Street,"Lebanon, OR 97355",,Oregon Dept Of Veterans Affairs,Veterans Care Centers of Oregon
38L544,NF,45,Rose Villa Senior Living,13505 SE River Rd,"Portland, OR 97222",,"Rose Villa, Inc.","Rose Villa, Inc."
38L756,NF,32,Cascade Manor,65 West 30th,"Eugene, OR 97405",,"Cascade Manor, Inc.","Pacific Retirement Services, Inc."
50A028,RCF,70,Farmington Square - Beaverton,14420 SW Farmington Rd,"Beaverton, OR 97005",,"RSL Beaverton, LLC","Radiant Senior Living, Inc."
50A235,RCF,20,Avamere at Waterford,760 Spring Street,"Medford, OR 97504",,"Waterford Operations, LLC","Waterford Operations, LLC"
50A236,RCF,60,Brookdale Troutdale,1201 SW Cherry Park Rd.,"Troutdale, OR 97060",,"Brookdale Senior Living Communities, Inc.","Brookdale Senior Living Communities, Inc."
50A239,RCF,48,"Regent Court, a Blue Harbor Senior Living Community",400 NW Elks Drive,"Corvallis, OR 97330",,Regent Court Management LLC,Regent Court Management LLC
50A244,RCF,22,Marquis Autumn Hills Residential Memory Care,6630 SW Beaverton-Hillsdale Hwy.,"Portland, OR 97225",,"Marquis Companies II, Inc.","Marquis Companies I, Inc."
50A253,RCF,58,Bridgecreek Memory Care Community,1401 12th St,"Lebanon, OR 97355",,"Bridgecreek Investors, LLC","Ageia Health Services, LLC"
50A262,RCF,24,Providence Brookside Memory Care,1550 Brookside Dr.,"Hood River, OR 97031",,Providence Health & Services - Oregon,Providence Health System - Oregon
50A263,RCF,59,Brookdale Bend,1099 NE Watt Way,"Bend, OR 97701",,"Brookdale Senior Living Communities, Inc.","Brookdale Senior Living Communities, Inc."
50M006,RCF,10,"Autumn Garden Home RCF, Inc.",6215 SE Hazel Ave.,"Portland, OR 97206",,"Autumn Garden Home RCF, LLC","Autumn Garden Home RCF, LLC"
50M012,RCF,32,Cascade Park Retirement Center,950 N Cascade Dr,"Woodburn, OR 97071",,"Woodburn Investment Associates, Ltd.","Century Park Associates, LLC"
50M019,RCF,59,Emerald Gardens,1890 N Newberg Hwy,"Woodburn, OR 97071",,"RSL Woodburn, LLC","Radiant Senior Living, Inc."
50M021,RCF,16,Comfort Care,1735 Kane St,"Klamath Falls, OR 97603",,Mary Nork,Mary Nork
50M025,RCF,15,Elderly Care Home,12435 SW 121st,"Tigard, OR 97223",,"Elderly Care Home, Inc.","Elderly Care Home, Inc."
50M026,RCF,34,Ellendale Residential Care Center,511 E Ellendale Ave,"Dallas, OR 97338",,"Dallas Care Center, Inc.","Dallas Care Center, Inc."
50M037,RCF,85,Firwood Gardens RCF,819 NE 122nd Ave,"Portland, OR 97230",,"Sapphire at Firwood, LLC","Sapphire at Firwood, LLC"
50M044,RCF,50,Golden Acres Retirement Center,12711 SE Holgate Blvd,"Portland, OR 97236",,Sandra Tidwell,Sandra Tidwell
50M048,RCF,13,Donham Place,5833 N Lombard St,"Portland, OR 97203",,"Donham Place, LLC","Donham Place, LLC"
50M049,RCF,62,Harmony Guest Home,351 SE Fifth St,"Hillsboro, OR 97123",,"Harmony Guest Home, Inc.","Harmony Guest Home, Inc."
50M054,RCF,120,Brookdale River Valley - Tualatin,19200 SW 65th Ave,"Tualatin, OR 97062",,Emeritus Corporation,"Brookdale Senior Living Communities, Inc."
50M055,RCF,88,Brookdale Mt. Hood,25200 SE Stark St,"Gresham, OR 97030",,"Brookdale Senior Living Communities, Inc.","Brookdale Senior Living Communities, Inc."
50M056,RCF,95,Brookdale Medford,3033 Barnett Rd,"Medford, OR 97504",,"Brookdale Senior Living Communities, Inc.","Brookdale Senior Living Communities, Inc."
50M065,RCF,50,Jefferson Lodge Memory Care Community,664 SE Jefferson St,"Dallas, OR 97338",,"Cascade Living Group - Oregon, LLC","Cascade Living Group, Inc."
50M081,RCF,23,Milwaukie Care Center,14107 SE Redwood Ave,"Milwaukie, OR 97222",,"Milwaukie Care Center, Inc.","Milwaukie Care Center, Inc."
50M086,RCF,46,Mt. Scott Residential Care Home,8014 SE Lambert St,"Portland, OR 97206",,"Sistere, Inc.","Sistere, Inc."
50M088,RCF,20,Myrtle Point Care Center RCF,637 Ash St,"Myrtle Point, OR 97458",,"Care Centers Management, Inc.","Dakavia Management, Corp."
50M092,RCF,32,O'Hara's Manor,1250 SE Roberts,"Gresham, OR 97080",,"O'Hara's Manor, Inc.","O'Hara's Manor, Inc."
50M094,RCF,50,Oregon City Residential Care,515 10th St,"Oregon City, OR 97045",,"Valley View Care Centers, Inc.","Valley View Care Centers, Inc."
50M096,RCF,14,Our House Of Portland,2727 SE Alder,"Portland, OR 97214",,"Our House Of Portland, Inc","Our House of Portland, Inc."
50M098,RCF,,Aaren Brooke Place,995 N Oregon St,"Ontario, OR 97914",,"Ashley Manor, L.L.C.","Ashley Manor, L.L.C."
50M098,RCF,14,Aaren Brooke Place,995 N Oregon St,"Ontario, OR 97914",,"Ashley Manor, L.L.C.","Ashley Manor, L.L.C."
50M109,RCF,30,Tabor Crest Residential Care,7430 SE Division St,"Portland, OR 97206",,"Tabor Crest Residential Care, LLC","Tabor Crest Residential Care, LLC"
50M110,RCF,80,"Taft Home, The",1337 SW Washington St,"Portland, OR 97205",,"Concepts in Community Living, Inc.","Concepts in Community Living, Inc."
50M124,RCF,30,Harmony Estates Residential Care Center,87326 McTimmons Lane,"Bandon, OR 97411",,"Harmony Estates, Inc.","Harmony Estates, Inc."
50M132,RCF,60,River Grove Memory Care,140 Green Lane,"Eugene, OR 97404",,River Grove Operating Company,"Benecia Senior Living, LLC"
50M133,RCF,74,Oak Lane Retirement,727 SW Rogue River Ave,"Grants Pass, OR 97526",,"TSL Oak Lane, LLC","Tierra Senior Living, LLC"
50M138,RCF,36,Baycrest Assisted Care,3959 Sheridan Ave,"North Bend, OR 97459",,"Bay Area Properties, LLC","Radiant Senior Living, Inc."
50M142,RCF,82,Brookdale Ontario,1372 SW  8th Ave,"Ontario, OR 97914",,Emeritus Corporation,"Brookdale Senior Living Communities, Inc."
50M144,RCF,50,Elizabethan Manor,44882 Mission Road,"Pendleton, OR 97801",,"Prestige Residential Community, L.L.C","Prestige Senior Living, L.L.C"
50M154,RCF,15,Forest Meadows RCF,625 Barbara Dr,"Grants Pass, OR 97526",,"Forest Meadows RCF, Inc.","Forest Meadows RCF, Inc."
50M157,RCF,29,Terwilliger Plaza - Metcalf Unit,2545 SW Terwilliger Blvd,"Portland, OR 97201",,"Terwilliger Plaza, Inc.","Terwilliger Plaza, Inc."
50M172,RCF,28,Chateau Gardens Memory Care Community,2669 S Cloverleaf Loop,"Springfield, OR 97477",,"Cloverleaf Assisted Living, LLC",Ridgeline Management Co.
50M174,RCF,85,"Woods at Willowcreek, The",4398 Glencoe St NE,"Salem, OR 97301",,"Lancaster Woods Operator, LLC","The Springs Living, LLC"
50M201,RCF,19,Haven House Retirement Center,714 Main Street PO Bos 386,"Fossil, OR 97830",,"Fossil Elderly Housing Committee, Inc.","Fossil Elderly Housing Committee, Inc."
50M204,RCF,9,Ashley Manor - Lund Lane,1040 Lund  Lane,"Baker City, OR 97814",,"Ashley Manor, L.L.C.","Ashley Manor, L.L.C."
50M208,RCF,37,Chetco Inn Residential Care Facility,417 Fern St,"Brookings, OR 97415",,Chetco Inn RCF Incorporated,Chetco Inn RCF Incorporated
50M209,RCF,36,Forest Glen Senior Residence,200 SW Frontage Rd.,"Canyonville, OR 97417",,Aspen Foundation,Aspen Foundation
50M211,RCF,28,Hill House,1325 SW Gibbs Street,"Portland, OR 97239",,"Peaks and Valleys, LLC","Peaks and Valleys, LLC"
50M218,RCF,42,Meadows Courtyard,13637 Garden Meadow Drive,"Oregon City, OR 97045",,"Meadows Courtyard, Inc.","Meadows Courtyard, Inc."
50M220,RCF,15,Ashley Manor - Shasta,475 S Shasta Pl. Longview Div.,"Burns, OR 97720",,"Ashley Manor, L.L.C.","Ashley Manor, L.L.C."
50M225,RCF,16,Blue Haven RCF - Independence,202 South 9th Street,"Independence, OR 97351",,"Blue Haven Residential Care Facilities, Inc.","Blue Haven Residential Care Facilities, Inc."
50M227,RCF,16,Blue Haven RCF - Dallas,280 SE Uglow St,"Dallas, OR 97338",,"Blue Haven Residential Care Facilities, Inc.","Blue Haven Residential Care Facilities, Inc."
50M228,RCF,32,Brookdale Wilsonville,8170 Vlahos Drive,"Wilsonville, OR 97070",,Emeritus Corporation,"Brookdale Senior Living Communities, Inc."
50M247,RCF,11,Pleasant Valley RCF,18857 SE Giese Rd.,"Gresham, OR 97080",,"BME Enterprises,  Inc.","BME Enterprises, Inc."
50M264,RCF,16,Sherwood Pines Residential Care,87986 Sherwood,"Veneta, OR 97487",,"Sherwood Pines Residential Care, Inc.","Sherwood Pines Residential Care, Inc."
50M265,RCF,15,Ashley Manor - Rimrock,1600 SW Rimrock Way,"Redmond, OR 97756",,"Ashley Manor, L.L.C.","Ashley Manor, L.L.C."
50M267,RCF,15,Ashley Manor - Pacific Heights,1995 8th St.,"Hood River, OR 97031",,"Ashley Manor, L.L.C.","Ashley Manor, L.L.C."
50M268,RCF,32,Four Seasons RCF - Fairgrounds,2850 Evergreen Ave  NE,"Salem, OR 97303",,Four Seasons RCF Fairgrounds,Four Seasons RCF Fairgrounds
50M300,RCF,44,Quail Park Memory Care Residences of Klamath Falls,320 Jade Terrace,"Klamath Falls, OR 97601",,"Quail Park of Klamath Falls Phase II, LLC",Living Care Lifestyles
50M422,RCF,16,Juniper House Memory Care,301 SW 28th Drive,"Pendleton, OR 97801",,Assisted Living Facilities Inc.,"Concepts in Community Living, Inc."
50M423,RCF,45,Marjorie House Memory Care Community,2855 NE Cumulus Avenue,"McMinnville, OR 97128",,"Marjorie House McMinnville, LLC","Marjorie House McMinnville, LLC"
50M424,RCF,30,Kinsington at Redwood Park,1390 Dowell Road,"Grants Pass, OR 97527",,"Heirloom Living Centers, LLC","Cameo Care Management, LLC"
50M425,RCF,28,Maple Valley Dementia Care,219 NE Fircrest Drive,"McMinnville, OR 97128",,"Maple Valley Dementia Care, Inc.","Maple Valley Dementia Care, Inc."
50M426,RCF,35,Countryside Living of Redmond,1350 NW Canal Blvd,"Redmond, OR 97756",,"Countryside Living of Redmond, LLC","Countryside Living of Redmond, LLC"
50M427,RCF,23,"Village at Keizer Ridge Memory Care, The",1165 McGee Court,"Keizer, OR 97303",,"VKR, LLC","Keizer Care Properties, LLC"
50R009,RCF,74,Pacifica Senior Living Calaroga Terrace,1400 NE Second Ave,"Portland, OR 97232",,"Pacifica Senior Living, LLC","Pacifica Senior Living, LLC"
50R014,RCF,49,Cherry Blossom Cottage,11177 SE Cherry Blossom Dr,"Portland, OR 97216",,"Sylvia's Legacy, Inc.","Sylvia's Legacy, Inc."
50R023,RCF,51,Conifer House Residential Care & Memory Care,145 NE Conifer Blvd,"Corvallis, OR 97330",,"Conifer House Operating Company, LLC","Benicia Senior Living, LLC"
50R038,RCF,19,Fountain Plaza,1441 Morrow Rd,"Medford, OR 97504",,"Fountain Plaza, L.L.C.","Dharma Healthcare Management, Inc."
50R040,RCF,155,Friendsview Retirement Community,1301 E Fulton St,"Newberg, OR 97132",,"Friendsview Manor, Inc.","Friendsview Manor, Inc."
50R046,RCF,54,Fox Hollow Residential Care Community,5320 Fox Hollow Rd,"Eugene, OR 97405",,"Regency At Fox Hollow, Inc.",Prestige Care Inc.
50R062,RCF,7,Hubbard Residential Care Facility,647 Junction Rd,"Glendale, OR 97442",,Norma Ann Hubbard,Norma Ann Hubbard
50R068,RCF,63,Avamere Court at Keizer RCF,5210 River Road N,"Keizer, OR 97307",,"Keizer Campus Operations, LLC","Keizer Campus Operations, LLC"
50R078,RCF,35,Brookdale McMinnville Town Center,775 East 27th,"McMinnville, OR 97128",,"Brookdale Senior Living Communities, Inc.","Brookdale Senior Living Communities, Inc."
50R085,RCF,29,Mt. Angel Towers,One Towers Lane Box 2120,"Mt. Angel, OR 97362",,"Mt. Angel Towers, Oregon, Ltd.","Mt. Angel Towers, Oregon, Ltd."
50R091,RCF,115,Odd Fellows Home Of Oregon,3102 SE Holgate Blvd,"Portland, OR 97202",,Odd Fellows Home of Oregon,Odd Fellows Home of Oregon
50R108,RCF,39,Sweetbriar Villa,6135 E St.,"Springfield, OR 97478",,"RSL Springfield, LLC","Radiant Senior Living, Inc."
50R115,RCF,48,Turner Retirement Homes,5405 Boise Street,"Turner, OR 97392",,"Turner Retirement Homes, Inc.","Turner Retirement Homes, Inc."
50R121,RCF,150,West Hills Village Senior Residence,5711 SW Multnomah Blvd,"Portland, OR 97219",,West Hills Village Limited Partnership,"West Hills Village, LP"
50R125,RCF,60,Willson House Residential Care Facility,1625 Center St NE,"Salem, OR 97301",,United Methodist Retirement Center Inc.,"Concepts in Community Living, Inc."
50R126,RCF,40,Regency Woodland,4710 Sunnyside Rd SE,"Salem, OR 97302",,"BD Salem I, LLC","Regency Pacific Management, LLC"
50R128,RCF,70,Cascades of Bend Retirement Community,1801 NE Lotus Dr,"Bend, OR 97701",,"Cascade Living Group - Oregon, LLC","Cascade Living Group, Inc."
50A034,RCF,122,Farmington Square - Salem,910 Boone Rd SE,"Salem, OR 97306",,"RSL Salem, LLC","Radiant Senior Living, Inc."
50A070,RCF,49,Regency Park Alzheimer's Care,8300 SW  Barnes Rd,"Portland, OR 97225",,Regency Park Apartments Ltd Part.,"Regency Park Management, LLC"
50A074,RCF,42,Holly Residential Care Center,1075 Irvington Drive,"Eugene, OR 97404",,The Maren Corporation,The Maren Corporation
50A083,RCF,81,Farmington Square - Medford,1530 Poplar Dr,"Medford, OR 97504",,"RSL Medford, LLC","Radiant Senior Living, Inc."
50A143,RCF,64,Farmington Square - Tualatin,17950 SW 115th Ave,"Tualatin, OR 97062",,"RSL Tualatin, LLC","Radiant Senior Living, Inc."
50A149,RCF,66,Farmington Square - Eugene,2730 Bailey Lane,"Eugene, OR 97401",,"RSL Eugene, LLC","Radiant Senior Living, Inc."
50A165,RCF,32,"Regent at Sheldon Park, a Blue Harbor Senior Living Community",2440 Willakenzie Road,"Eugene, OR 97401",,Sheldon Park Management LLC,Sheldon Park Management LLC
50A214,RCF,48,Monterey Court Memory Care,8915 SE Monterey,"Happy Valley, OR 97086",,"Monterey Court Ventures, LLC","Frontier Management, LLC"
50A219,RCF,20,Expressions at Summerplace,15727 NE Russell Street,"Portland, OR 97230",,"Summerplace Assisted Living, LLC","Prestige Senior Living, L.L.C"
50A226,RCF,30,Settler's Park Memory Care Community,2895 17th Street,"Baker City, OR 97814",,LSREF Golden Ops 26 (OR) LLC,"SLH Rainier Manager, LLC"
50A232,RCF,60,Brookdale Beaverton,16655 NW Walker Rd,"Beaverton, OR 97006",,"Brookdale Senior Living Communities, Inc.","Brookdale Senior Living Communities, Inc."
50R139,RCF,40,Clackamas View Senior Living - Milwaukie,14550 SE Vista Ln,"Milwaukie, OR 97267",,"Chancellor Health Care of California X, Inc.","Chancellor Health Care, Inc,"
50R145,RCF,17,Horton Plaza,1122 Spring St,"Medford, OR 97504",,Horton Plaza A Joint Venture,"Dharma Healthcare Management, Inc."
50R171,RCF,16,Oaktree Residential Living,5030 West Port St PO Box 22636,"Eugene, OR 97402",,Elman's House Corp.,Elman's House Corp.
50R200,RCF,22,Willamette Lutheran Retirement Community,7693 Wheatland Rd,"Salem, OR 97308",,"Willamette Lutheran Homes, Inc.","Willamette Lutheran Homes, Inc."
50R202,RCF,20,Riverview Terrace,1970 West Harvard Avenue,"Roseburg, OR 97470",,Crown One Development LLC,"Crown Two Development, LLC"
50R216,RCF,102,Capital Manor Retirement Community,1955 Salem Dallas Hwy NW,"Salem, OR 97304",,"Capital Manor, Inc.","Life Care Services, LLC"
50R229,RCF,96,Willamette View Terrace,13169 SE River Road,"Portland, OR 97222",,"Willamette View, Inc. dba","Willamette View, Inc."
50R230,RCF,44,Holladay Park Plaza,1300 NE 16th,"Portland, OR 97232",,"Holladay Park Plaza, Inc.","Pacific Retirement Services, Inc."
50R234,RCF,38,"Springs at Anna Maria, The",822 Golf View Drive,"Medford, OR 97504",,"HSRE-Springs III at Medford AM sub-TRS, LLC","The Springs Living, LLC"
50R251,RCF,16,Ivy Court Senior Living,18265 SE River Road,"Milwaukie, OR 97222",,"Ivy Court Senior Living, Inc.","Ivy Court Senior Living, Inc."
50R256,RCF,15,Elite Care Oatfield Estates-Hood House,4499 SE Oatfield Hill Rd.,"Milwaukie, OR 97267",,"Elite Care Oatfield Estates, LLC","Elite Care Management Group, LLC"
50R270,RCF,70,Rose Linn Vintage Place,2330 Debok Rd,"West Linn, OR 97068",,West Linn Care Center Operating Co LLC,"Benecia Senior Living, LLC"
50R271,RCF,21,Willamette View Memory Care Community,13145 SE River Rd,"Portland, OR 97222",,"Willamette View, Inc.","Willamette View, Inc."
50R273,RCF,27,Suttle Care & Retirement,1601 SW 24th St.,"Pendleton, OR 97801",,"Suttle Care & Retirement, Inc.","Suttle Care & Retirement, Inc."
50R274,RCF,11,Ashley Manor - Arrowhead,3853 Arrowhead Dr.,"Medford, OR 97504",,"Ashley Manor, L.L.C.","Ashley Manor, L.L.C."
50R275,RCF,28,Avamere at St. Helens,2400 Gable Rd.,"St. Helens, OR 97051",,"Avamere - St. Helens Operations, LLC","Avamere-St. Helens Operations, LLC "
50R276,RCF,27,Edgewood Arbor Memory Care,7733 SW Scholls Ferry Rd.,"Beaverton, OR 97008",,"Beaverton Assisted Living, LLC","Hawthorn Retirement Group, LLC"
50R277,RCF,20,Courtyard at Hillside Memory Care,300 NW Hillside Park Way,"McMinnville, OR 97128",,Emeritus Corporation,Emeritus Corporation
50R278,RCF,25,Manor Special Care Center,1200 Mira Mar Ave.,"Medford, OR 97504",,"Rogue Valley Manor, Inc.","Pacific Retirement Services, Inc."
50R279,RCF,64,Brookdale Eugene Alpine Court Memory Care,3720 N. Clarey St,"Eugene, OR 97402",,Emeritus Corporation,"Brookdale Senior Living Communities, Inc."
50R280,RCF,48,Elderberry Square Community,3321 Oak St,"Florence, OR 97439",,"Elderberry Square Community, LLC","Senior Housing Managers, LLC"
50R281,RCF,15,Ashley Manor - Conners,2853 NE Conners Ave.,"Bend, OR 97701",,"Ashley Manor, L.L.C.","Ashley Manor, L.L.C."
50R282,RCF,15,Elite Care Oatfield Estates-Adam's House,4483 SE Oatfield Hill Rd,"Milwaukie, OR 97267",,"Elite Care Oatfield Estates, LLC","Elite Care Management Group, LLC"
50R283,RCF,35,Countryside Living of Canby,390 NW 2nd,"Canby, OR 97013",,"Countryside Living of Canby, LLC","Countryside Living of Canby, LLC"
50R285,RCF,18,West Wind Court,465 4th St. SW,"Bandon, OR 97411",,West Wind Court Corporation,West Wind Court Corporation
50R287,RCF,21,Raleigh Hills Enhanced Care Community,4815 SW Dogwood Ln,"Portland, OR 97225",,"Raleigh Hills Management, LLC","Raleigh Hills Management, LLC"
50R288,RCF,15,Ashley Manor - Athens,1514 Athens Ave.,"Pendleton, OR 97801",,"Ashley Manor, L.L.C.","Ashley Manor, L.L.C."
50R289,RCF,15,Elite Care Oatfield Estates-Helen's House,4469 SE Oatfield Hill Rd.,"Milwaukie, OR 97267",,"Elite Care Oatfield Estates, LLC","Elite Care Management Group, LLC"
50R290,RCF,48,Rosewood Specialty Care,2550 SE Century Blvd.,"Hillsboro, OR 97123",,"Brookwood Court Assisted Living, LLC","Hillsboro Care Properties, LLC"
50R292,RCF,43,Quail Park of Klamath Falls,1000 Town Center Dr.,"Klamath Falls   OR, OR 97601",,"Quail Park of Klamath Falls, LLC",Living Care Lifestyles
50R293,RCF,186,Miramont Pointe,11520 SE Sunnyside Rd,"Clackamas, OR 97015",,"MP, LLC","MP, LLC"
50R294,RCF,142,Hearthstone at Murrayhill,10880 SW Davies Rd.,"Beaverton, OR 97008",,"Hearthstone at Murrayhill, LLC","Hearthstone Management Services, LLC"
50R295,RCF,15,Ashley Manor - Anique,525 Anique Ln,"Grants Pass, OR 97526",,"Ashley Manor, L.L.C.","Ashley Manor, L.L.C."
50R296,RCF,40,Avamere at Seaside Residential Care Facility,2500 S. Roosevelt Dr.,"Seaside, OR 97138",,"Necanicum Operations, LLC","Necanicum Operations, LLC"
50R297,RCF,18,Prestige Senior Living Orchard Heights Memory Care,695 Orchard Heights Rd. NW,"Salem, OR 97304",,CHP Salem-Orchard Heights OR Tenant Corp.,"Prestige Senior Living, LLC"
50R298,RCF,16,Sweet Bye N Bye,2480 Coral Ave  NE,"Salem, OR 97305",,"Sweet Bye N Bye AFC & RCF Facilities, Inc.","Sweet Bye N Bye AFC & RCF Facilities, Inc."
50R300,RCF,15,Hawthorne House of Salem,3042 Hyacinth St. NE,"Salem, OR 97303",,"Pacific Living Centers, Inc.","Pacific Living Centers, Inc."
50R301,RCF,55,Emerson House,3577 SE Division,"Portland, OR 97202",,"Emerson House, LLC","Kinsel Ameri Properties, Inc."
50R302,RCF,48,Timberwood Court Specialty Care Community,2875 SE 14th Ave,"Albany, OR 97321",,LSREF Golden Ops 26 (OR) LLC,"Frontier Management, LLC"
50R303,RCF,16,SpringRidge Court Memory Care,32100 SW French Prairie Rd,"Wilsonville, OR 97070",,Spring Ridge Subtenant LLC,"SRG Management, LLC"
50R304,RCF,90,Gateway Gardens,178 Commons Dr.,"Eugene, OR 97401",,"Gateway Gardens Assisted Living, Inc.","Gateway Gardens Assisted Living, Inc."
50R305,RCF,52,Evergreen Court of Molalla,250 Kennel St.,"Molalla, OR 97038",,"Molalla Senior Living, LLC","Avant Senior Housing Managers & Consultants, LLC"
50R306,RCF,15,Ashley Manor - Homedale,44 North Homedale Rd.,"Klamath Falls, OR 97601",,"Ashley Manor, L.L.C.","Ashley Manor, L.L.C."
50R307,RCF,13,"Touch of Grace, A","PO Box 165, 2156 Brookhurst St.","Medford, OR 97504",,"A Touch of Grace, LLC","A Touch of Grace, LLC"
50R308,RCF,15,Elite Care Oatfield Estates-Rainier House,4457 SE Oatfield Hill Rd.,"Milwaukie, OR 97267",,"Elite Care Oatfield Estates, LLC","Elite Care Management Group, LLC"
50R309,RCF,16,Silvia & John's Residential Care,19909 SE Stark St.,"Portland, OR 97233",,"Silvia & John's Residential Care, Inc.","Silvia & John's Residential Care, Inc."
50R310,RCF,50,Rosewood Court Residential Care,4254 Weathers Street NE,"Salem, OR 97301",,"Capri Senior Living, LLC","Capri Senior Living , LLC"
50R311,RCF,43,"Gardens, The",2690 NE Yacht,"Lincoln City, OR 97367",,"Lakeview Operations, LLC","Westmont Living, Inc."
50R313,RCF,18,Prairie House Memory Care Community,51485 Morson St.,"La Pine, OR 97739",,"Assisted Living Alternatives, Inc.",Ridgeline Management Co.
50R314,RCF,15,Magnolia Village Memory Care Community,1355 Daugherty,"Cottage Grove, OR 97424",,"Magnolia Village, LLC","Magnolia Gardens, LLC"
50R315,RCF,16,All Comfort Residential Care,9347 SW 35th St.,"Portland, OR 97219",,"Peaks and Valleys, LLC","Peaks and Valleys, LLC"
50R316,RCF,64,Hope N Care,12045 SE Pardee St.,"Portland, OR 97266",,"Asa Care, Inc.","Asa Care, Inc."
50R318,RCF,15,Elite Care Oatfield Estates-Jefferson House,4422 SE Oatfield Hill Rd.,"Milwaukie, OR 97267",,"Elite Care Oatfield Estates, LLC","Elite Care Management Group, LLC"
50R319,RCF,15,"Golden Age Living, LLC",3484 SE Hill Rd.,"Milwaukie, OR 97267",,Golden Age Living LLC,Golden Age Living LLC
50R320,RCF,26,Avamere at Bethany,16360 NW Avamere Court,"Portland, OR 97229",,"Avamere Bethany Operations, LLC","Avamere Bethany Operations, LLC"
50R321,RCF,42,Providence ElderPlace in Cully,5119 NE 57th Ave.,"Portland, OR 97218",,Providence Health & Services - Oregon,Providence Health & Services - Oregon
50R322,RCF,23,Mountain View Residential Care Facility,1220 SE 282nd Ave.,"Gresham, OR 97080",,"BME Enterprises,  Inc.",Fred T. & Elizabeth C. Asa
50R323,RCF,18,Prestige Senior Living Arbor Place Memory Care,3150 Juanipero Way,"Medford, OR 97504",,CHP Medford -Arbor Place OR Tenant Corp.,"Prestige Senior Living, L.L.C"
50R326,RCF,16,West Wind Enhanced Care,3130 Juanipero St.,"Medford, OR 97504",,"Ashland View Manor, Inc.","Ashland View Manor, Inc."
50R327,RCF,33,"Atrium at Flagstone, The",3325 Columbia View Dr.,"The Dalles, OR 97058",,"Flagstone Operations, LLC.","Milestone Retirement Communities, LLC"
50R328,RCF,15,Arbor House of Grants Pass,820 Gold Court,"Grants Pass, OR 97527",,"Pacific Living Centers, Inc.","Pacific Living Centers, Inc."
50R330,RCF,15,Elite Care Oatfield Estates-Ashland House,4398 SE Oatfield Hill Rd.,"Milwaukie, OR 97267",,"Elite Care Oatfield Estates, LLC","Elite Care Management Group, LLC"
50R331,RCF,20,Dallas Retirement Village Memory Care Center,340 NW Brentwood Avenue,"Dallas, OR 97338",,"Dallas Health Care Center, LLC",Life Care Services
50R332,RCF,15,Heritage House of Woodburn,943 N. Cascade Dr.,"Woodburn, OR 97071",,"Pacific Living Centers, Inc.","Pacific Living Centers, Inc."
50R333,RCF,56,Laurel Pines Retirement Lodge,3100 Avenue A,"White City, OR 97503",,"Laurel Pines, Inc.","Dakavia Management, Corp."
50R334,RCF,16,East Cascade Memory Care Community,175 NE 16th Street,"Madras, OR 97741",,"East Cascade Retirement Community, LLC","Senior Housing Managers, LLC"
50R336,RCF,31,Oswego Grove,4550 SW Carman Drive,"Lake Oswego, OR 97035",,"Avamere Lake Oswego Operations Investors, LLC","Avamere Lake Oswego Operations Investors, LLC"
50R339,RCF,15,Angeline Senior Living,501 3rd St.,"La Grande, OR 97850",,"Angeline Senior Living, LLC","Angeline Senior Living, LLC"
50R340,RCF,30,Fanno Creek by Elite Care,12353 SW Grant St,"Tigard, OR 97223",,"Elite Care Grant, LLC","Elite Care Management Group, LLC"
50R343,RCF,15,Autumn House of Grants Pass,PO Bx 1419 2268 Williams Hwy,"Grants Pass, OR 97528",,"Pacific Living Centers, Inc.","Pacific Living Centers, Inc."
50R344,RCF,32,Brookdale Redmond Clare Bridge,1942 SW Canyon Drive,"Redmond, OR 97756",,Emeritus Corporation,"Brookdale Senior Living Communities, Inc."
50R345,RCF,36,Middlefield Oaks Memory Care Community,1500 Village Drive,"Cottage Grove, OR 97424",,"Middlefield Oaks Assisted Living, LLC",Frontline Management
50R346,RCF,16,Cornerstone Residential Option,12640 SE Bush,"Portland, OR 97236",,"Cornerstone Care Option, Inc","Cornerstone Care Option, Inc."
50R347,RCF,14,Bayberry Commons Memory Care,2211 Laura Street,"Springfield, OR 97477",,"Bayberry Commons, Inc.",Ridgeline Management Co.
50R348,RCF,22,Rock of Ages Mennonite Home,15600 SW Rock of Ages Rd.,"McMinnville, OR 97128",,"Bible Mennonite Fellowship, Inc.","Bible Mennonite Fellowship, Inc."
50R349,RCF,95,Touchmark at Mt. Bachelor Village,19800 SW Touchmark Way,"Bend, OR 97702",,"Touchmark at Mt. Bachelor Village, LLC","Touchmark Living Centers, Inc."
50R350,RCF,21,Hawthorne Gardens Memory Care Community,2828 SE Taylor Street,"Portland, OR 97214",,"GF Hawthorne Tenant, LLC","Artegan at Hawthorne Gardens, LLC"
50R351,RCF,45,Chantele's Loving Touch Memory Care,1128 W. Central Avenue,"Sutherlin, OR 97479",,"Chantele's Loving Touch Memory Care, Inc.","Chantele's Loving Touch Memory Care, Inc."
50R352,RCF,12,Pheasant Pointe Memory Care Community,835 E. Main Street,"Molalla, OR 97038",,"ARHC PPMOLOR01 TRS, LLC","FM Pheasant Pointe, LLC"
50R353,RCF,24,Cedar Village Memory Care Community,4452 Lancaster Drive NE,"Salem, OR 97301",,"ARHC CVSALOR01 TRS, LLC","FM Cedar Village, LLC"
50R355,RCF,16,Riverside Living,23500 NE Halsey St.,"Wood Village, OR 97060",,"Riverside Living, Inc.","Riverside Living, Inc."
50R356,RCF,15,Harmony House of Salem,3062 Hyacinth St. NE,"Salem, OR 97301",,"Pacific Living Centers, Inc.","Pacific Living Centers, Inc."
50R357,RCF,28,McLoughlin Memory Care,1145 Molalla Avenue,"Oregon City, OR 97045",,"McLoughlin Place Operations, LLC","Milestone Retirement Communities, LLC"
50R358,RCF,52,Fircrest Memory Care,213 NE Fircrest Drive,"McMinnville, OR 97128",,"Fircrest Community Living, Inc.","Fircrest Community Living, Inc."
50R359,RCF,25,Spruce Point Memory Care,375 9th Street,"Florence, OR 97439",,"Spruce Point, Inc.",Prestige Care Inc.
50R360,RCF,20,Russellville Park West Memory Care,23 SE 103rd,"Portland, OR 97216",,"Russellvillle III, LLC","Leisure Care, LLC"
50R361,RCF,12,Footsteps at Tanasbourne,1950 NW 192nd Avenue,"Hillsboro, OR 97006",,"Springs at Tanasbourne II, LLC","The Springs Living, LLC"
50R363,RCF,30,Manor Terrace Care Suites,1250 Mira Mar Avenue,"Medford, OR 97504",,Rogue Valley Manor,"Pacific Retirement Services, Inc."
50R364,RCF,8,Summit Springs Village MCU,120 S. Church St.,"Condon, OR 97823",,Summit Springs Village Corporation,Summit Springs Village Corporation
50R365,,,Churchill Estates Residential Care,3800 Westleigh,"Eugene, OR 97405",,"Churchill Management, Inc.","Churchill Retirement Services, LLC"
50R366,RCF,44,Tanner Spring Memory Care,23000 Horizon Drive,"West Linn, OR 97068",,Sequoia Heights Capital Partners,"TS Management, LLC"
50R367,RCF,48,Arbor Oaks Terrace Memory Care,317 Werth Blvd.,"Newberg, OR 97132",,"Newberg Memory Associates, LLC","Frontier Management, LLC"
50R368,RCF,35,Brightcreek at Sea View,98059 Gerlach Lane,"Brookings, OR 97415",,"Sea View Assisted Living Community, LLC","Seasons Management, LLC"
50R369,RCF,40,Hillside Care Manor,800 NW 25th Avenue,"Portland, OR 97210",,"Peaks and Valleys, LLC","Peaks and Valleys, LLC"
50R370,RCF,16,Roxy Ann Memory Community,2530 Lone Pine Road,"Medford, OR 97504",,"Roxy Ann Memory Community, LLC","Roxy Ann Memory Community, LLC"
50R371,RCF,15,Applegate House of Grants Pass,1635 Kellenbeck Avenue,"Grants Pass, OR 97528",,"Pacific Living Centers, Inc.","Pacific Living Centers, Inc."
50R372,RCF,16,Kinsington Place,827 SW Kinsington Court,"Grants Pass, OR 97526",,"Heirloom Living Centers, LLC","Heirloom Living Centers, LLC"
50R373,RCF,20,Silver Creek Memory Care Community,703 Evergreen Rd.,"Woodburn, OR 97071",,"FC Ranger OPS Silver Creek(OR), LLC","Silver Creek Care Properties, LLC"
50R374,RCF,40,Revere Court of Portland,11547 NE Glisan Street,"Portland, OR 97220",,"Chancellor Health Care of California X, Inc.","Chancellor Health Care, Inc,"
50R375,RCF,45,RN Villa Care Center,401 NE 139th Avenue,"Portland, OR 97230",,"RN Villa Care Center, LLC","RN Villa Care Center, LLC"
50R376,RCF,22,Hawthorne House,2635 21st Avenue,"Forest Grove, OR 97116",,"Hawthorne House, LLC","Caring Places Management, LLC"
50R377,RCF,32,Footsteps at Clackamas Woods,14314 SE Webster Road,"Milwaukie, OR 97267",,"TSL Clack OPS, LLC","The Springs Living, LLC"
50R378,RCF,60,Adara Oaks Manor,931 NE Linden Avenue,"Gresham, OR 97030",,"Adara Oaks Manor, LLC","Adara Oaks Manor, LLC"
50R379,RCF,84,Fern Gardens Memory Care,2636 Table Rock Rd,"Medford, OR 97504",,"Fern Gardens Memory Care, LLC",Ridgeline Management Co.
50R380,RCF,20,Countryside Living South,406 NW 2nd Avenue,"Canby, OR 97013",,"Countryside Living of Canby, LLC","Countryside Living of Canby, LLC"
50R381,RCF,16,Maryville Memory Care,14645 SW Farmington Road,"Beaverton, OR 97007",,Sisters of St. Mary of Oregon Maryville Corp.,Sisters of St. Mary of Oregon Maryville Corp.
50R382,RCF,48,Washington Gardens Memory Care,9000 SW 91st Avenue,"Tigard, OR 97223",,"Tigard Memory Associates, LLC","Frontier Management, LLC"
50R383,RCF,28,Royalton Place Memory Care,5555 SE King Rd,"Milwaukie, OR 97222",,"BDC/Milwaukie, LLC","Royalton Place Management, LLC"
50R384,RCF,20,Senior Haven Residential Care Facility,12140 SE Foster Road,"Portland, OR 97266",,"Senior Haven RCF, LLC","Senior Haven RCF, LLC"
50R385,RCF,24,Bonaventure of Salem Memory Care,3411 Boone Rd SE,"Salem, OR 97317",,"Bonaventure of Salem, LLC",Bonaventure Senior Living
50R386,RCF,7,Thanksgiving House,184 N 2nd St,"St. Helens, OR 97051",,Cecile Molden,Cecile Molden
50R387,RCF,13,"Griffin House, The",6630 Alderbrook Road,"Tillamook, OR 97141",,The Griffin House LLC,The Griffin House LLC
50R388,RCF,10,Gateway 2 Healthier Living,608 N Cloverleaf Loop,"Springfield, OR 97477",,"Gateway Assisted Living, Inc","Gateway Assisted Living, Inc."
50R389,RCF,33,Cherry Park Plaza,1323 SW Cherry Park Road,"Troutdale, OR 97060",,"CHGCXA Troutdale, LLC","CHG Management Company I, LLC"
50R390,RCF,56,Mt. Bachelor Memory Care,20225 Powers Road,"Bend, OR 97702",,"MBMC 1, LLC","Frontier Management, LLC"
50R391,RCF,10,Wallowa Valley Senior Living Memory Care,605 Medical Parkway,"Enterprise, OR 97828",,Wallowa County Health Care District,"Marathon Enterprise, LLC"
50R393,RCF,27,Jennings McCall RCF,2300 Masonic Way,"Forest Grove, OR 97116",,Grand Lodge of AF & AM of Oregon,"Aidan Health Services, Inc."
50R394,RCF,10,Valley View Memory Care,112 Valley View Drive,"John Day, OR 97845",,"Valley View Investors, LLC","Ageia Health Services, LLC"
50R395,RCF,28,Four Seasons RCF Evergreen,2855 Evergreen Ave NE,"Salem, OR 97301",,Four Seasons RCF Evergreen,Four Seasons RCF Evergreen
50R396,RCF,39,Whitewood Gardens,2027 SE 174th Ave.,"Portland, OR 97233",,"Whitewood Group, LLC","Whitewood Group, LLC"
50R397,RCF,31,Footsteps at Sherwood,15677 SW Oregon,"Sherwood, OR 97140",,"HSRE-Springs II at Sherwood Sub-TRS, LLC","The Springs Living, LLC"
50R398,RCF,16,Footsteps at Carman Oaks,3900 SW Carman Drive,"Lake Oswego, OR 97035",,"HSRE-Springs II at Lake Oswego Sub-TRS, LLC","The Springs Living, LLC"
50R399,RCF,25,Footsteps at Mill Creek,1021 W 10th Street,"The Dalles, OR 97058",,"HSRE-Springs II at the Dalles, LLP","The Springs Living, LLC"
50R400,RCF,15,Vista View Mood & Memory Care,4439 Hamrick Rd,"Central Point, OR 97502",,Kathleen Howard,Kathleen Howard
50R401,RCF,26,Marie Rose Residential Care,17360 Holy Names Drive,"Lake Oswego, OR 97034",,"Mary's Woods at Marylhurst, Inc.","Mary's Woods at Marylhurst, Inc."
50R402,RCF,18,Grace Manor,2811 Bailey Lane,"Eugene, OR 97401",,"Grace Manor Lease Interests, LL","Senior Housing Managers, LLC"
50R403,RCF,44,Brookdale Geary Street Memory Care,2445 Geary St SE,"Albany, OR 97321",,"Brookdale Senior Living Communities, Inc.","Brookdale Senior Living Communities, Inc."
50R404,RCF,32,Coral Springs Residential Care,2520 Coral Ave. NE,"Salem, OR 97305",,"Sweet Bye N Bye AFC & RCF Facilities, Inc.","Sweet Bye N Bye AFC & RCF Facilities, Inc."
50R405,RCF,15,Elite Care Oatfield Estates Larch House,4405 SE Oatfield Hill Rd,"Milwaukie, OR 97267",,"Elite Care OE2, LLC","Elite Care OE2, LLC"
50R406,RCF,15,Elite Care Oatfield Estates Tabor House,4425 SE Oatfield Hill Rd,"Milwaukie, OR 97267",,Elite Care OE2 LLC,"Elite Care OE2, LLC"
50R407,RCF,15,Bartlett House of Medford Memory Care Community,3465 Lone Pine Rd,"Medford, OR 97504",,"Pacific Living Centers, Inc.","Pacific Living Centers, Inc."
50R408,RCF,15,Bee Hive Homes of Baker City,3078 Resort St.,"Baker City, OR 97814",,"The Home Place in Baker, LLC",Bee Hive Homes of Baker City
50R409,RCF,48,Heartwood Place,2325 Boones Ferry Road,"Woodburn, OR 97071",,WMC Operating Company LLC,"Benicia Senior Living, LLC"
50R410,RCF,21,McKenzie Living,"6452 ""A"" Street","Springfield, OR 97478",,"McKenzie Living, Inc.","McKenzie Living, Inc. "
50R411,RCF,64,Waterford Grand Memory Care,600 Waterford Way,"Eugene, OR 97401",,"BDC/EUGENE, LLC",BPM Senior Living Company
50R412,RCF,16,Sunset Estates,281 Sunset Dr.,"Ontario, OR 97914",,"CARE 3, LLC","CARE 3, LLC"
50R413,RCF,38,Parkview Memory Care at Cherrywood Village,10721 SE Cherry Blossom Dr.,"Portland, OR 97216",,"PAR, LLC","PAR, LLC"
50R414,RCF,48,"Arbor at Avamere Court, The",450 Claggett Court N,"Keizer, OR 97303",,"Keizer River Operations, LLC","Keizer River Operations, LLC"
50R416,RCF,56,"Cherrywood Memory Care, The",2750 NE Doran Drive,"McMinnville, OR 97128",,"Cherrywood, Inc., The","Cherrywood, Inc., The"
50R417,RCF,34,Advocate Care,13033 South East Holgate Blvd,"Portland, OR 97236",,"Advocate Care, LLC","Advocate Care, LLC"
50R418,RCF,64,Windsong at Eola Hills,2030 Wallace Road NW,"Salem, OR 97304",,"West Salem Memory Care, LLC","Aidan Health Services, Inc."
50R421,RCF,32,Clatsop Care Memory Community,2219 SE Dolphin Road,"Warrenton, OR 97146",,Clatsop Care Center Health District,Clatsop Care Center Health District
50R430,RCF,23,Bonaventure of Albany Memory Care,420 Geri Street,"Albany, OR 97321",,Mountain West Retirement Corporation,Bonaventure Senior Living
50R432,RCF,23,Bonaventure of Tigard Memory Care,15000 SW Hall Blvd,"Tigard, OR 97224",,"Bonaventure of Tigard, LLC",Bonaventure Senior Living
50R433,RCF,68,Waterhouse Ridge Memory Care Community,1115 NW 158th Avenue,"Beaverton, OR 97006",,"Waterhouse Ridge Memory Care, LLC",Frontline Management
5MA003,RCF,40,Ashley Manor - Sage,1355 SW Sage,"Hermiston, OR 97838",,"Ashley Manor, LLC","Ashley Manor, L.L.C."
5MA016,RCF,15,Clarendon Court Alzheimer's Residence,5732 SE 122nd Ave,"Portland, OR 97236",,"Clarendon Court Alzheimer's Residence, LLC","Clarendon Court Alzheimer's Residence, LLC"
5MA024,RCF,62,Curry Manor,1458 Quail Lane,"Roseburg, OR 97470",,"TSL Curry Manor, LLC","Tierra Senior Living, LLC"
5MA031,RCF,76,Farmington Square - Gresham,1655 NE 18th,"Gresham, OR 97030",,"RSL Gresham, LLC","Radiant Senior Living, Inc."
5MA042,RCF,130,Gateway Living,611 N Cloverleaf Loop,"Springfield, OR 97477",,"Gateway Assisted Living, Inc","Gateway Assisted Living, Inc."
5MA043,RCF,102,Providence ElderPlace in Glendoveer,13007 NE Glisan St,"Portland, OR 97230",,Providence Health & Services - Oregon,Providence Health & Services - Oregon
5MA051,RCF,40,Harvest Homes RCF,6921 N Roberts,"Portland, OR 97203",,"Harvest Homes, Inc.","Harvest Homes, Inc."
5MA080,RCF,28,Lydia's House,5353 SE Columbus St,"Albany, OR 97321",,"Mennonite Home Of Albany, Inc.","Mennonite Home Of Albany, Inc."
5MA106,RCF,65,Southtowne Living Center,360 W 28th,"Eugene, OR 97405",,"Eugene Southtowne Living Center, LLC","Ageia Health Services, LLC"
5MA107,RCF,85,St. Andrews Memory Care,7617 SE Main St,"Portland, OR 97215",,"Pacifica Senior Living, LLC","Pacifica Senior Living, LLC"
5MA130,RCF,15,Brookdale McMinnville City Center Memory Care,721 NE 27th St.,"McMinnville, OR 97128",,"Brookdale Senior Living Communities, Inc.","Brookdale Senior Living Communities, Inc."
5MA131,RCF,48,Pelican Pointe Memory Care Community,615 Washburn Way,"Klamath Falls, OR 97603",,"ARHC PPKLAOR01 TRS, LLC","FM Pelican, LLC"
5MA137,RCF,30,Pacific View Memory Care Community,1000 6th Ave West,"Bandon, OR 97411",,"Bandon Senior Living, LLC","Seasons Management, LLC"
5MA146,RCF,110,Brookdale Forest Grove,3110 19th Ave,"Forest Grove, OR 97116",,"Brookdale Senior Living Communities, Inc.","Brookdale Senior Living Communities, Inc."
5MA151,RCF,57,Brookstone Alzheimer's Special Care Center,5881 SE Woodside Dr,"Salem, OR 97301",,Salem Associates LLC,"Jerry Erwin Associates, Inc."
5MA160,RCF,114,Pacifica Senior Living Portland,1808 SE 182nd Ave,"Portland, OR 97233",,"Pacifica Senior Living, LLC","Pacifica Senior Living, LLC"
5MA161,RCF,32,Skylark Memory Care,950 Skylark Place,"Ashland, OR 97520",,"Ashland Assisted Living, LLC","Mission Senior Living, LLC"
5MA162,RCF,50,"Atrium at McLoughlin Place, The",1153 Molalla Ave,"Oregon City, OR 97045",,"McLoughlin Place Operations, LLC","Milestone Retirement Communities, LLC"
5MA166,RCF,14,Ashley Manor - Alameda,1310 SW 12th Ave,"Ontario, OR 97914",,"Ashley Manor, L.L.C.","Ashley Manor, L.L.C."
5MA170,RCF,37,Brookdale McMinnville Westside,320 SW Hill Road,"McMinnville, OR 97128",,"Brookdale Senior Living Communities, Inc.","Brookdale Senior Living Communities, Inc."
5MA205,RCF,60,Brookdale Salem,1355 Boone Rd SE,"Salem, OR 97302",,"Brookdale Senior Living Communities, Inc.","Brookdale Senior Living Communities, Inc."
5MA206,RCF,10,Ashley Manor - Well Springs,2110 SW 2nd Avenue,"Ontario, OR 97914",,"Ashley Manor, L.L.C.","Ashley Manor, L.L.C."
5MA207,RCF,56,Cedar Crest Alzheimer Special Care,18325 SW Pacific HWY,"Tualatin, OR 97062",,"Tualatin Associates, LLC",JEA Senior Living
5MA213,RCF,42,Powell Valley Memory Care Community,4001 SE 182nd Ave,"Gresham, OR 97030",,PVALC-LLC,"Care Wise Management, Inc."
5MA215,RCF,55,Baycrest Memory Care,955 Kentucky Avenue,"Coos Bay, OR 97420",,"Bay Area Properties, LLC","Radiant Senior Living, Inc."
5MA217,RCF,51,Footsteps at The Wilsonville,7600 Vlahos Drive,"Wilsonville, OR 97070",,"HSRE-Springs at Wilsonville Sub-TRS, LLC","The Springs Living, LLC"
5MA221,RCF,42,Aspen Ridge Memory Care,1025 NE Purcell Blvd,"Bend, OR 97701",,"FM Aspen MC, LLC","Frontier Management, LLC"
5MA222,RCF,55,Ocean Park,984 Parkview Drive,"Brookings, OR 97415",,"ARHC OPBROOR01 TRS, LLC",Ocean Park Care Properties
5MA223,RCF,60,Pacific Gardens Alzheimer's Special Care Center,17309 NE Glisan,"Portland, OR 97230",,"Erwin Family Properties II, LLC",JEA Senior Living
5MA233,RCF,30,Ashley Manor - Roseburg,427 SE Ramp St.,"Roseburg, OR 97470",,Ashley Manor LLC,Ashley Manor LLC
5MA238,RCF,15,Ashley Manor - Meadow Lakes,228 SW Meadow Lakes Drive,"Prineville, OR 97754",,"Ashley Manor, L.L.C.","Ashley Manor, L.L.C."
5MA240,RCF,48,Callahan Court Memory Care Comm.,1770 NW Valley View Drive,"Roseburg, OR 97470",,LSREF Golden Ops 14(OR) LLC,"Frontier Management, LLC"
5MA241,RCF,15,Ashley Manor - Oak,572 NE Oak Street,"Madras, OR 97741",,"Ashley Manor, L.L.C.","Ashley Manor, L.L.C."
5MA242,RCF,56,"Gardens Enhanced Care Community, The",3334 22nd Ave,"Forest Grove, OR 97116",,"The Grove Assisted Living, L.L.C.","Heights Management, Inc."
5MA243,RCF,79,Quail Park Memory Care Residences,2630 Lone Oak Way,"Eugene, OR 97404",,"Laurel Court of Eugene, LLC",Living Care Management
5MA245,RCF,24,Avamere at Sherwood,16500 SW Century Drive,"Sherwood, OR 97140",,"Avamere Sherwood Operations, LLC","Avamere-Sherwood Operations, LLC"
5MA246,RCF,14,Ashley Manor - Brookhurst,2146 Brookhurst,"Medford, OR 97504",,"Ashley Manor, L.L.C.","Ashley Manor, L.L.C."
5MA249,RCF,24,Avamere at Sandy,17727  SE Langensand Rd,"Sandy, OR 97055",,"Avamere-Sandy Operations, LLC","Avamere Sandy Operations, LLC"
5MA252,RCF,24,Courtyard at Mt.Tabor Garden House,6323 SE Division,"Portland, OR 97206",,"Courtyard Assisted Members, LLC","Integral Senior Living, LLC"
5MA254,RCF,60,Brookdale Roseburg,3400 NW Edenbower Blvd.,"Roseburg, OR 97470",,Emeritus Corporation,"Brookdale Senior Living Communities, Inc."
5MA255,RCF,15,Ashley Manor - Heidi Lane,2144 NW Heidi Lane,"Grants Pass, OR 97526",,"Ashley Manor, L.L.C.","Ashley Manor, L.L.C."
5MA259,RCF,22,Avamere at Newberg,730 Foothills Dr.,"Newberg, OR 97132",,"Genesis Newberg Operations Company, LLC","Genesis Newberg Operations Company, LLC"
5MA261,RCF,24,Avamere at Hillsboro,2000 SE 30th Avenue,"Hillsboro, OR 97123",,"Avamere-Hillsboro Operations, LLC","Avamere-Hillsboro Operations, LLC"
5MA266,RCF,30,Wildflower Lodge,508 16th St,"LaGrande, OR 97850",,LSREF Golden Ops 14 (OR) LLC,"SLH Rainier Manager, LLC"
5MA269,RCF,64,Brookdale Grants Pass Pointe,1400 Redwood Circle,"Grants Pass, OR 97527",,"S-H OpCo Spring Pointe, LLC","Brookdale Senior Living Communities, Inc."
5ME119,RCF,95,ElderHealth & Living,382-B  South 58th St,"Springfield, OR 97478",,ElderHealth & Living Corporation,ElderHealth & Living Corporation
5ME175,RCF,16,Premier Living Center,5120 SE 118th,"Portland, OR 97266",,"Premier Living Center, Inc.","Premier Living Center, Inc."
5ME248,RCF,16,Harmony Living,1535 SW Shirley Ann Drive,"McMinnville, OR 97128",,"Harmony Living, Inc.","Harmony Living, Inc."
70A011,ALF,105,Canfield Place Retirement Community,14570 SW Hart Rd,"Beaverton, OR 97005",,Canfield Place Rtrmt Comm LLC,"Leisure Care, LLC"
70A012,ALF,21,"Springs at Carman Oaks, The",3900 SW Carman Dr,"Lake Oswego, OR 97035",,"HSRE-Springs II at Lake Oswego Sub-TRS, LLC","The Springs Living, LLC"
70A057,ALF,63,Markham House Retirement Community,10606 SW  Capitol Hwy,"Portland, OR 97219",,"PORTMH, LLC","Leisure Care, LLC"
70A062,ALF,45,Brookdale Ashland,548 North Main Street,"Ashland, OR 97520",,Emeritus Corporation,"Brookdale Senior Living Communities, Inc."
70A069,ALF,55,Regency Park Place at Corvallis,2595 Jack London St,"Corvallis, OR 97330",,"BD Corvallis I, LLC","Regency Pacific Management, LLC"
70A083,ALF,108,"Sheldon Park Assisted Living, a Blue Harbor Senior Living Community",2440 Willakenzie Road,"Eugene, OR 97401",,Sheldon Park Management LLC,Sheldon Park Management LLC
70A097,ALF,70,Timberhill Place,989 NW Spruce Ave,"Corvallis, OR 97330",,"Vintage Investment Prop., Inc.","Vintage Investment Prop., Inc."
70A102,ALF,38,Well Springs Assisted Living Facility,2104 W Idaho,"Ontario, OR 97914",,C & I Properties LLC,"Milestone Retirement Communities, LLC"
70A200,ALF,85,"Springs at Wilsonville, The",7600 Vlahos Drive,"Wilsonville, OR 97070",,"HSRE-Springs II at Lake Oswego Sub-TRS, LLC","The Springs Living, LLC"
70A209,ALF,64,"Terrace at Laurelhurst Village, The",3120 SE Stark,"Portland, OR 97214",,"Laurelhurst Operations, LLC","Laurelhurst Operations, LLC"
70A214,ALF,147,Jennings - McCall Center,2300 Masonic Way,"Forest Grove, OR 97116",,Grand Lodge of AF & AM of Oregon,"Aidan Health Services, Inc."
70A235,ALF,60,Bonaventure of Albany Assisted Living,420 Geri Street,"Albany, OR 97321",,Mountain West Retirement Corporation,Bonaventure Senior Living
70A246,ALF,64,Terwilliger Terrace Assisted Living Facility,2425 SW 6th Ave.,"Portland, OR 97201",,"Terwilliger Plaza, Inc.","Terwilliger Plaza, Inc."
70A249,ALF,20,Providence Brookside Manor,1550 Brookside Dr.,"Hood River, OR 97031",,Providence Health & Services - Oregon,Providence Health System - Oregon
70A259,ALF,50,Willamette View Neighborhoods,13145 SE River Road,"Portland, OR 97222",,"Willamette View, Inc. dba","Willamette View, Inc."
70A260,ALF,72,Prestige Senior Living Southern Hills,4795 Skyline Rd. S.,"Salem, OR 97306",,CHP Salem-Southern Hills OR Tenant Corp.,"Prestige Senior Living, L.L.C"
70A261,ALF,59,Edgewood Point Assisted Living,7733 SW Scholls Ferry Rd,"Beaverton, OR 97008",,"Beaverton Assisted Living, LLC","Hawthorn Retirement Group, LLC"
70A262,ALF,68,Terrace at Hillside Assisted Living,440 NW Hillside Park Way,"McMinnville, OR 97128",,Emeritus Corporation,Emeritus Corporation
70A263,ALF,53,Shore Pines Assisted Living,93975 Ocean Way,"Gold Beach, OR 97444",,"Shore Pines Assisted Living, LLC","Mosaic Management, Inc."
70A264,ALF,110,Royal Anne Assisted Living Facility,10610 SE Clay St.,"Portland, OR 97216",,"PAR, LLC","Generations, LLC"
70A265,ALF,50,Sea Aire Assisted Living,1882 N Hwy 101,"Yachats, OR 97498",,"Sea Aire Assisted Living, LLC","Sea Aire Assisted Living, LLC"
70A266,ALF,77,"Bridge Assisted Living, The",201 SW Bridge St.,"Grants Pass, OR 97526",,"Grants Pass Assisted Living, LLC","Woollard Ipsen Management, LLC"
70A267,ALF,96,Vineyard Heights Assisted Living & Retirement Cottages,345 SW Hill Rd.,"McMinnville, OR 97128",,LSREF Golden Ops 26 (OR) LLC,"Frontier Management, LLC"
70A268,ALF,90,Raleigh Hills Assisted Living Community,4815 SW Dogwood Ln,"Portland, OR 97225",,"Raleigh Hills Management, LLC","Raleigh Hills Management, LLC"
70A269,ALF,85,Hawks Ridge Senior Assisted Living Community,1795 8th St,"Hood River, OR 97031",,LSREF Golden Ops 26 (OR) LLC,"Frontier Management, LLC"
70A270,ALF,100,Somerset Assisted Living,8360 Cason Rd,"Gladstone, OR 97027",,Gladstone Assisted Living LLC,"Hawthorn Retirement Group, LLC"
70A271,ALF,130,Providence ElderPlace in Irvington Village,420 NE Mason,"Portland, OR 97211",,Providence Health & Services - Oregon,Providence Health & Services - Oregon
70A273,ALF,80,Hearthstone at Murrayhill Assisted Living,10880 SW Davies Rd,"Beaverton, OR 97008",,"Hearthstone at Murrayhill, LLC","Hearthstone Management Services, LLC"
70A274,ALF,95,Stoneybrook Assisted Living,4650 SW Hollyhock Circle,"Corvallis, OR 97333",,"Corvallis Assisted Living, LLC","Hawthorn Retirement Group, LLC"
70A275,ALF,64,Avamere at Seaside,2500 S. Roosevelt Dr.,"Seaside, OR 97138",,"Necanicum Operations, LLC","Necanicum Operations, LLC"
70A276,ALF,57,"Springs at Sherwood, The",15677 SW Oregon,"Sherwood, OR 97140",,"HSRE-Springs at Sherwood Sub-TRS, LLC","The Springs Living, LLC"
70A277,ALF,67,Prestige Senior Living Orchard Heights,695 Orchard Heights Rd NW,"Salem, OR 97304",,CHP Salem -Orchard Heights OR Tenant Corp,"Prestige Senior Living, LLC"
70A278,ALF,84,Assumption Village,9121 N. Burr Avenue,"Portland, OR 97203",,Assumption Village LLC,S.A.G.E.
70A279,ALF,82,Prestige Senior Living Five Rivers,3500 12th St,"Tillamook, OR 97141",,CHP Tillamook-Five Rivers OR Tenant Corp,"Prestige Senior Living, LLC"
70A280,ALF,55,Corvallis Caring Place Assisted Living,750 NW 23rd St,"Corvallis, OR 97330",,"Corvallis Caring Place, Inc.","Mennonite Management Services, Inc."
70A281,ALF,72,Prestige Senior Living West Hills,5595 SW West Hills Rd.,"Corvallis, OR 97333",,"CHP-Corvallis-West Hills OR Tenant, Inc.",Prestige Senior Living
70A283,ALF,18,Willow Creek Terrace,400 Frank Gilliam Dr.,"Heppner, OR 97836",,Willow Creek Valley Assisted Living Corp.,Morrow County Health District
70A284,ALF,85,SpringRidge Court Assisted Living,32100 SW French Prairie Rd.,"Wilsonville, OR 97070",,Spring Ridge Subtenant LLC,"SRG Management, LLC"
70A285,ALF,50,Country Meadows Village,155 S. Evergreen,"Woodburn, OR 97071",,"Crown II Development, LLC","Crown Two Development, LLC"
70A286,ALF,72,Marquis Wilsonville Assisted Living,30900 SW Parkway Ave,"Wilsonville, OR 97070",,"Marquis Companies II, Inc.","Marquis Companies I, Inc."
70A287,ALF,40,"Amber Assisted Living, The",365 SW Bel Air Drive- PO Box 308,"Clatskanie, OR 97016",,"Amber Investors, LLC","Ageia Health Services, LLC"
70A288,ALF,80,Marquis Piedmont Assisted Living,319 NE Russet St.,"Portland, OR 97211",,"Marquis Companies II, Inc.","Marquis Companies I, Inc."
70A289,ALF,75,Prestige Senior Living High Desert,2660 NE Mary Rose Place,"Bend, OR 97701",,CHP Bend-High Desert OR Tenant Corp.,"Prestige Senior Living, LLC"
70A290,ALF,78,Brookdale Chestnut Lane - Gresham,1219 NE Sixth Street,"Gresham, OR 97030",,Emeritus Corporation,"Brookdale Senior Living Communities, Inc."
70A291,ALF,90,Avamere at Bethany Assisted Living Facility,16360 NW Avamere Court,"Portland, OR 97229",,"Avamere Bethany Operations, LLC","Avamere-Bethany Operations, LLC"
70A292,ALF,64,Prestige Senior Living Arbor Place,3150 Juanipero Way,"Medford, OR 97504",,CHP Medford -Arbor Place OR Tenant Corp.,"Prestige Senior Living, LLC"
70A293,ALF,31,Pioneer Place Assisted Living,1060 D Street W,"Vale, OR 97918",,Pioneer Nursing Home Health District,Pioneer Nursing Home Health District
70A294,ALF,76,Fox Hollow Independent & Assisted Living Community,2599 NE Studio Rd,"Bend, OR 97701",,"Fox Hollow Bend, LLC","Regency Pacific Management, LLC"
70A295,ALF,100,Brookdale Sellwood,8517 SE 17th Avenue,"Portland, OR 97202",,Emeritus Corporation,"Brookdale Senior Living Communities, Inc."
70A296,ALF,35,Canyon Rim Manor,1701 George Jackson Rd.,"Maupin, OR 97037",,"Maupin Senior Living, LLC","Mosaic Management, Inc."
70A297,ALF,95,Brookdale Lebanon,181 South 5th Street,"Lebanon, OR 97355",,Emeritus Corporation,"Brookdale Senior Living Communities, Inc."
70A298,ALF,60,Pioneer Village,805 N. 5th St.,"Jacksonville, OR 97530",,"RSL Pioneer, LLC","Radiant Senior Living, Inc."
70A299,ALF,150,Brookdale Springfield Briarwood,4865 Main Street,"Springfield, OR 97478",,Emeritus Corporation,"Brookdale Senior Living Communities, Inc."
70A300,ALF,44,"Springs at Veranda Park, The",1641 NE Veranda Park Drive,"Medford, OR 97504",,"HSRE-Springs III at Medford VP Sub TRS, LLC","The Springs Living, LLC"
70A301,ALF,69,Bonaventure of Tigard Assisted Living,15000 SW Hall Blvd,"Tigard, OR 97224",,"Bonaventure of Tigard, LLC",Bonaventure Senior Living
70A302,ALF,100,Ocean Ridge Retirement and Assisted Living Community,1855 SE Ocean Blvd.,"Coos Bay, OR 97420",,"ARHC ORCOOOR01 TRS, LLC","FM Ocean Ridge, LLC"
70A303,ALF,82,Brookdale Oswego Springs - Portland,11552 SW Lesser Rd.,"Portland, OR 97219",,Emeritus Corporation,"Brookdale Senior Living Communities, Inc."
70A304,ALF,79,Oswego Place Assisted Living Community,17450 Pilkington Rd.,"Lake Oswego, OR 97035",,"Oswego Place Assisted Living Community, LLC",Bonaventure Senior Living
70A305,ALF,77,Brookdale Redmond Assisted Living,1942 SW Canyon Drive,"Redmond, OR 97756",,Emeritus Corporation,"Brookdale Senior Living Communities, Inc."
70A306,ALF,85,Middlefield Oaks Assisted Living Community,1500 Village Drive,"Cottage Grove, OR 97424",,"Middlefield Oaks Assisted Living, LLC",Fronline Management
70A307,ALF,62,Bayberry Commons Assisted Living,2211 Laura Street,"Springfield, OR 97477",,"Bayberry Commons, Inc.",Ridgeline Management Co.
70A308,ALF,110,Brookdale Newberg,3802 Hayes St.,"Newberg, OR 97132",,Emeritus Corporation,"Brookdale Senior Living Communities, Inc."
70A309,ALF,65,Hawthorne Gardens Senior Living Community,2828 SE Taylor Street,"Portland, OR 97214",,"GF Hawthorne Tenant, LLC","Artegan at Hawthorne Gardens, LLC"
70A310,ALF,16,"Stafford Assisted Living Facility, The",1200 Overlook Dr,"Lake Oswego, OR 97034",,"Avamere Stafford Operations, LLC","Avamere Stafford Operations, LLC"
70A311,ALF,29,Fircrest Community Living,213 NE Fircrest Drive,"McMinnville, OR 97128",,"Fircrest Community Living, Inc.","Fircrest Community Living, Inc."
70A312,ALF,153,Laurel Parc at Bethany,15850 NW Central Drive,"Portland, OR 97229",,"Laurel Parc AL at Bethany, LLC","Laurel Parc AL at Bethany, LLC"
70A314,ALF,120,Russellville Park West,23 SE 103rd,"Portland, OR 97216",,"Russellvillle III, LLC","Leisure Care, LLC"
70A315,ALF,49,Courtyard Fountains Assisted Living Community,1537 SE 223rd,"Gresham, OR 97030",,"ARHC CFGREOR01 TRS, LLC","Courtyard Fountains Care Properties, LLC"
70A316,ALF,99,Sea View Senior Living Community,98059 Gerlach Lane,"Brookings, OR 97415",,"Sea View Assisted Living Community, LLC","Seasons Management, LLC"
70A317,ALF,24,Mirabella at South Waterfront,3550 SW Bond Ave.,"Portland, OR 97239",,Mirabella at South Waterfront,"Pacific Retirement Services, Inc."
70A318,ALF,22,Countryside Village,1700 Kellenbeck Rd.,"Grants Pass, OR 97528",,"Lynn-Ann Development, LLC","Lynn-Ann Development, LLC"
70A319,ALF,64,Royalton Place Assisted Living,5555 SE King Rd,"Milwaukie, OR 97222",,"BDC/Milwaukie, LLC","Royalton Place Management, LLC"
70A320,ALF,65,Bonaventure of Salem Assisted Living,3411 Boone Rd SE,"Salem, OR 97317",,"Bonaventure of Salem, LLC",Bonaventure Senior Living
70A321,ALF,25,Dallas Retirement Village Assisted Living HUD,377 NW Jasper St,"Dallas, OR 97338",,"Dallas Health Care Center, LLC",Life Care Services
70A322,ALF,19,Wallowa Valley Senior Living,605 Medical Parkway,"Enterprise, OR 97828",,Wallowa County Health Care District,"Marathon Enterprise, LLC"
70A323,ALF,101,Waterford Grand Assisted Living,600 Waterford Way,"Eugene, OR 97401",,"BDC/EUGENE, LLC",BPM Senior Living Company
70A324,ALF,87,Marquis Tualatin Assisted Living,19945 SW Boones Ferry Road,"Tualatin, OR 97062",,"Marquis Companies II, Inc.","Marquis Companies I, Inc."
70M001,ALF,40,Adams House Assisted Living,121 Cordelia Drive,"Myrtle Creek, OR 97457",,"Assisted Living Facilities, Inc.","Concepts in Community Living, Inc."
70M002,ALF,64,Alderwood Assisted Living,131 Alder St,"Central Point, OR 97502",,"Alderwood Assisted Living, LLC","AIM Senior Management, LLC"
70M003,ALF,36,Alpine House Assisted Living,204 N Park St,"Joseph, OR 97846",,"Joseph ALF, Inc.","Joseph ALF, Inc."
70M004,ALF,12,Chinook Place,470 NE Oak St,"Madras, OR 97741",,"ASPEN COURT AID OPCO, LLC","ASPEN COURT AID OPCO, LLC"
70M005,ALF,48,Aspens (The),210 Roe Davis Ave,"Hines, OR 97738",,"Harney Pioneer Homes, Inc","Concepts in Community Living, Inc."
70M006,ALF,96,Summerplace Assisted Living Community,15727 NE Russell St,"Portland, OR 97230",,"Summerplace Assisted Living, LLC","Prestige Senior Living, LLC"
70M007,ALF,34,Astor Place,999 Klaskanine Ave,"Astoria, OR 97103",,"ASTOR AID OPCO, LLC","ASTOR AID OPCO, LLC"
70M008,ALF,49,Awbrey Place,2825 Neff Rd,"Bend, OR 97701",,"AWBREY AID OPCO, LLC","AWBREY AID OPCO, LLC"
70M009,ALF,50,Bridgewood Rivers Assisted Living,1901 NW Hughwood,"Roseburg, OR 97470",,"Cascade Living Group - Oregon, LLC","Cascade Living Group, Inc."
70M010,ALF,45,Brookside Place,3550 SW Canal Blvd,"Redmond, OR 97756",,"Redmond ALF, Inc.","Concepts in Community Living, Inc."
70M013,ALF,34,Carriage Place,150 S Williamson Dr,"Prineville, OR 97754",,"CARRIAGE AID OPCO, LLC","CARRIAGE AID OPCO, LLC"
70M014,ALF,48,Churchill Estates Assisted Living,1919 Bailey Hill Rd,"Eugene, OR 97405",,"Churchill Management, Inc.","Churchill Retirement Services, LLC"
70M015,ALF,75,Cornell Estates Retirement and Assisted Living Residence,1005 NE 17th,"Hillsboro, OR 97123",,Cornell Investors Group Inc.,"Cornell Investors Group, Inc."
70M016,ALF,80,Brookdale Geary Street,2445 Geary St SE,"Albany, OR 97321",,"Brookdale Senior Living Communities, Inc.","Brookdale Senior Living Communities, Inc."
70M017,ALF,50,Brookdale McMinnville City Center,721 NE 27th St.,"McMinnville, OR 97128",,"Brookdale Senior Living Communities, Inc.","Brookdale Senior Living Communities, Inc."
70M018,ALF,53,Dallas Retirement Village Assisted Living,340 NW Brentwood St,"Dallas, OR 97338",,"Dallas Mennonite Retirement Community, Inc.",Life Care Services
70M019,ALF,36,Davenport Place,930 Oak St,"Silverton, OR 97381",,"DAVENPORT AID OPCO, LLC","DAVENPORT AID OPCO, LLC"
70M020,ALF,48,Deerfield Village Assisted Living,5770 SE Kellogg Cr Dr,"Milwaukie, OR 97222",,"Cascade Living Group - Oregon, LLC","Cascade Living Group, Inc."
70M021,ALF,50,Dorian Place Assisted Living Facility,375 N Dorian Dr,"Ontario, OR 97914",,"Dorian Place Operations, LLC","Milestone Retirement Communities, LLC"
70M022,ALF,36,Applegate Place,1465 East Central,"Sutherlin, OR 97479",,"Sutherlin ALF, Inc.","Concepts in Community Living, Inc."
70M023,ALF,77,Parkview Assisted Living,10801 NE Weidler,"Portland, OR 97220",,Oregon Baptist Retirement Home,Oregon Baptist Retirement Homes
70M024,ALF,70,Brookdale at Klamath Falls,2130 Eldorado Blvd,"Klamath Falls, OR 97601",,Emeritus Corporation,"Brookdale Senior Living Communities, Inc."
70M025,ALF,60,Elliott Residence,390 Church St,"Sublimity, OR 97385",,"Janmaur I, L.L.C.",Marian Estates Support Services
70M026,ALF,48,Emerald Valley Assisted Living,4550 W Amazon Dr,"Eugene, OR 97405",,"Cascade Living Group - Oregon, LLC","Cascade Living Group, Inc."
70M027,ALF,44,Oregon Retirement Center,1010 NE 3rd,"Milton-Freewater, OR 97862",,"Evergreen Oregon Healthcare Orchards Retirement, LLC","Evergreen Healthcare Management, LLC"
70M028,ALF,60,Flagstone Retirement & Assisted Living,3325 Columbia View Dr.,"The Dalles, OR 97058",,"Flagstone Operations, LLC.","Milestone Retirement Communities, LLC"
70M029,ALF,48,Forest Grove Beehive,2122 Hawthorne,"Forest Grove, OR 97116",,"Forest Grove Beehive, LLC","Caring Places Management, LLC"
70M030,ALF,65,Gibson Creek Retirement & Assisted Living Residence,1615 Brush College Rd NW,"Salem, OR 97304",,"TLC West, L.L.C.",Bonaventure Senior Living
70M031,ALF,101,Gilman Park Assisted Living,2205 Gilman Drive,"Oregon City, OR 97045",,"FM Gilman, LLC","Frontier Management, LLC"
70M032,ALF,36,Grace Place,380 NW 6th Ave,"Estacada, OR 97023",,"GRACE AID OPCO, LLC","GRACE AID OPCO, LLC"
70M033,ALF,76,Grande Ronde Retirement Residence,1809 Gekeler Lane,"La Grande, OR 97850",,"FM Grande, LLC","Frontier Management, LLC"
70M034,ALF,79,Greenridge Estates At Mountain Park,4 Greenridge Dr,"Lake Oswego, OR 97035",,"Greenridge Estates at Mountain Park, LLC","Greenridge Estates at Mountain Park, LLC"
70M035,ALF,78,"Grove Assisted Living, The",2112 Oak St,"Forest Grove, OR 97116",,"The Grove Assisted Living, L.L.C.","Heights Management, Inc."
70M036,ALF,49,Harvest Homes,6921 N Roberts Ave,"Portland, OR 97203",,"Harvest Homes, Inc.","Harvest Homes, Inc."
70M037,ALF,75,Hearthstone Of Beaverton,12520 SW Hart Rd,"Beaverton, OR 97008",,"Hearthstone of Beaverton Operations, LLC","Hearthstone Management Services, LLC"
70M038,ALF,55,Regency Village at Redmond,3000 SW 32nd St,"Redmond, OR 97756",,"BD Redmond I, LLC","Regency Pacific Management, LLC"
70M039,ALF,85,Pacific View Assisted Living Community,1000 6th Ave West,"Bandon, OR 97411",,"Bandon Senior Living, LLC","Seasons Management, LLC"
70M040,ALF,63,Brookdale Hermiston,980 W Highland Ave,"Hermiston, OR 97838",,Emeritus Corporation,"Brookdale Senior Living Communities, Inc."
70M041,ALF,37,Hillside Place,1400 SE 19th,"Lincoln City, OR 97367",,"HILLSIDE AID OPCO, LLC","HiLLSIDE AID OPCO, LLC"
70M042,ALF,52,Homewood Heights Assisted Living,17999 SE River Rd,"Milwaukie, OR 97267",,Homewoods Heights LLC,"Prestige Senior Living, L.L.C"
70M043,ALF,30,Willow Place,1307 N College,"Newberg, OR 97132",,"Assisted Living Facilities, Inc.","Concepts in Community Living, Inc."
70M044,ALF,60,Inland Point Retirement Community,2290 Inland Dr,"North Bend, OR 97459",,"Cascade Living Group - Oregon, LLC","Cascade Living Group, Inc."
70M045,ALF,40,Suncrest Place,300 Suncrest Rd,"Talent, OR 97540",,"JACKSON AID OPCO, LLC","JACKSON AID OPCO, LLC"
70M048,ALF,36,Junction City Retirement & Assisted Living Residence,500 E 6th St,"Junction City, OR 97448",,"FC Ranger OPS Junction City (OR), LLC","Frontier Management, LLC"
70M049,ALF,31,Juniper House,301 SW 28th Dr,"Pendleton, OR 97801",,"Assisted Living Facilities, Inc.","Concepts in Community Living, Inc."
70M050,ALF,36,Kilchis House,4212 Marolf Place,"Tillamook, OR 97141",,"Tillamook County CARE, Inc.","Tillamook County CARE, Inc."
70M051,ALF,50,Lancaster Assisted Living,4156 Market St NE,"Salem, OR 97301",,Lancaster Assisted Living LLC,"Senior Living Management, Inc."
70M052,ALF,36,Lancaster Village,4148 Market St NE,"Salem, OR 97301",,"Lancaster Village, LLC","Senior Living Services, Inc."
70M053,ALF,67,Lakeview Senior Living,2690 NE Yacht,"Lincoln City, OR 97367",,"Lakeview Operations, LLC","Westmont Living, Inc."
70M054,ALF,43,Rogue River Place,2437 Kane St,"Klamath Falls, OR 97603",,"Sage AID OPCO, LLC","Sage AID OPCO, LLC"
70M055,ALF,42,Macklyn Place,755 Elk Drive,"Brookings, OR 97415",,"MACKLYN AID OPCO, LLC","MACKLYN AID OPCO, LLC"
70M056,ALF,56,Magnolia Gardens Assisted Retirement Living,1425 Daugherty,"Cottage Grove, OR 97424",,Magnolia Gardens Assisted Retirement Living LLC,Magnolia Gardens L.L.C.
70M058,ALF,60,McKillop Residence,500 Conifer Circle,"Sublimity, OR 97385",,"Janmaur II, L.L.C.",Marian Estates Support Services
70M059,ALF,74,McLoughlin Place Senior Living,1153 Molalla Ave,"Oregon City, OR 97045",,"McLoughlin Place Operations, LLC","Milestone Retirement Communities, LLC"
70M060,ALF,52,Meadow Creek Village Assisted Living,3988 12th St SE,"Salem, OR 97302",,"Cascade Living Group - Oregon, LLC","Cascade Living Group, Inc."
70M061,ALF,60,Meadowbrook Place,4000 Cedar St,"Baker City, OR 97814",,"Meadowbrook Place Operations, LLC","Concepts in Community Living, Inc."
70M063,ALF,25,"Gardens at Laurelhurst Village, The",3060 SE Stark St,"Portland, OR 97214",,"Laurelhurst Operations, LLC","Laurelhurst Operations, LLC"
70M064,ALF,48,Neawanna By The Sea,20 North Wahanna Rd,"Seaside, OR 97138",,"FC Ranger OPS Neawanna (OR), LLC","Neawanna Care Properties, LLC"
70M065,ALF,44,Nehalem Bay House,35385 Tohl Ave,"Nehalem, OR 97131",,"Tillamook County CARE, Inc.","Tillamook County CARE, Inc."
70M066,ALF,61,Northridge Center,3737 S Pacific Hwy,"Medford, OR 97501",,"Northridge Center, Inc.","Northridge Center, Inc."
70M067,ALF,57,Bayside Terrace Assisted Living,192 Norman Ave,"Coos Bay, OR 97420",,"ARHC OCCOOOR01 TRS, LLC","FM Ocean Crest, LLC"
70M068,ALF,84,Oceanview Assisted Living Residence,525 NE 71st,"Newport, OR 97365",,"Newport Assisted Living, LLC","Westmont Living, Inc."
70M070,ALF,130,Brookdale Park Place - Tigard,8445 SW Hemlock St,"Portland, OR 97223",,Emeritus Corporation,"Brookdale Senior Living Communities, Inc."
70M071,ALF,35,Parkhurst Place,2450 May St,"Hood River, OR 97031",,"PARKHURST AID OPCO, LLC","PARKHURST AID OPCO, LLC"
70M072,ALF,60,Parkland Village Retirement Community,3121 NE Cumulus Avenue,"McMinnville, OR 97128",,"Cascade Living Group - Oregon, LLC","Cascade Living Group, Inc."
70M073,ALF,115,Powell Valley Assisted Living Community,4001 SE 182nd Ave,"Gresham, OR 97030",,PVALC-LLC,"Care Wise Management, Inc."
70M074,ALF,137,Quail Run Assisted Living,2525 47th Ave SE,"Albany, OR 97321",,"Mennonite Home Of Albany, Inc.","Mennonite Home Of Albany, Inc."
70M075,ALF,29,Rackleff Place,655 SW 13th Ave,"Canby, OR 97013",,"Canby ALF, Inc.","Concepts in Community Living, Inc."
70M076,ALF,95,Redwood Heights Retirement & Assisted Living Community,4050 12th St Cutoff  SE,"Salem, OR 97302",,"ARHC RHSALOR01 TRS, LLC","FM Redwood Heights, LLC"
70M077,ALF,118,Regency Park Assisted Living,8300 SW Barnes Rd,"Portland, OR 97225",,Regency Park Apartments Ltd Part.,"Regency Park Management, LLC"
70M078,ALF,56,Brookdale River Road,592 Bever Dr NE,"Keizer, OR 97303",,Emeritus Corporation,"Brookdale Senior Living Communities, Inc."
70M079,ALF,40,Guardian Angel Homes,540 NW 12th St,"Hermiston, OR 97838",,"Hermiston Senior Care, LLC","Tailored Management Services, LLC"
70M080,ALF,180,Rose Schnitzer Manor,6140 SW Boundary St,"Portland, OR 97221",,Robison Jewish Home,Robison Jewish Home
70M081,ALF,95,Rosewood Park Retirement & Assisted Living Residence,2405 SE Century Blvd.,"Hillsboro, OR 97123",,"Rosewood Investors Group, L.L.C.","Rosewood ALF, LLC"
70M082,ALF,56,River Run Place,1155 Darlene Lane,"Eugene, OR 97401",,"River Run AID OPCO, LLC","River Run AID OPCO, LLC"
70M084,ALF,41,Silver Creek Assisted Living Facility,703 Evergreen Rd,"Woodburn, OR 97071",,"FC Ranger OPS Silver Creek (OR), LLC","Silver Creek Care Properties, LLC"
70M085,ALF,87,Skylark Assisted Living,900 Skylark Pl,"Ashland, OR 97520",,"Ashland Assisted Living, LLC","Mission Senior Living, LLC"
70M087,ALF,44,Spring Meadows Assisted Living Facility,36070 Pittsburg Rd,"St Helens, OR 97051",,Elderserv,"Concepts in Community Living, Inc."
70M088,ALF,63,Spring Valley Assisted Living,770 Harlow Rd,"Springfield, OR 97477",,"Cascade Living Group - Oregon, LLC","Cascade Living Group, Inc."
70M089,ALF,72,Spruce Point Assisted Living,375 9th St,"Florence, OR 97439",,"Spruce Point, Inc.",Prestige Care Inc.
70M091,ALF,38,Summit Springs Village,133 S Church Street - PO Bx 687,"Condon, OR 97823",,Summit Springs Village Corporation,Summit Springs Village Corporation
70M092,ALF,90,Suzanne Elise Assisted Living Facility,101 Forest Drive,"Seaside, OR 97138",,"Forest Drive Operations, LLC","Forest Drive Operations, LLC"
70M093,ALF,72,Tanner Spring Assisted Living,23000 Horizon Dr,"West Linn, OR 97068",,Sequoia Heights Capital Partners,"TS Management, LLC"
70M094,ALF,87,"Fountains At Town Center Village, The",8607 SE Causey Ave,"Happy Valley, OR 97086",,"TCV Employees, LLC","Generations, LLC"
70M095,ALF,70,"Oaks At Lebanon, The",621 West Oak,"Lebanon, OR 97355",,"FM Oaks, LLC","Frontier Management, LLC"
70M096,ALF,88,Regency Village at Bend,127 SE Wilson Ave,"Bend, OR 97702",,"BD Bend I, LLC","Regency Pacific Management, LLC"
70M098,ALF,42,Valley View Assisted Living,112 Valley View Dr,"John Day, OR 97845",,"Valley View Investors, LLC","Ageia Health Services, LLC"
70M099,ALF,92,Marquis Hope Village ALF,1589 S Ivy,"Canby, OR 97013",,"Marquis Companies I, Inc.","Marquis Companies I, Inc."
70M100,ALF,70,Marquis Forest Grove Assisted Living,3336 19th Ave,"Forest Grove, OR 97116",,"Marquis Companies II, Inc.","Marquis Companies I, Inc."
70M101,ALF,95,"Suites Assisted Living Community, The",1301 SE Parkdale Dr,"Grants Pass, OR 97526",,LSREF Golden Ops 26 (OR) LLC,"Frontier Management, LLC"
70M103,ALF,60,Wiley Creek Community,5050 Mountain Fir Street,"Sweet Home, OR 97386",,Mid-Valley Healthcare,"Aidan Health Services, Inc."
70M104,ALF,46,Willamette Manor,176 West C Street,"Lebanon, OR 97355",,"Willamette Manor, Inc.","Willamette Manor, Inc."
70M201,ALF,74,Brookdale Monmouth,504 Gwinn St   E.,"Monmouth, OR 97361",,Emeritus Corporation,"Brookdale Senior Living Communities, Inc."
70M202,ALF,80,Brookdale Eugene Alpine Springs,3760 N. Clarey St.,"Eugene, OR 97402",,Emeritus Corporation,"Brookdale Senior Living Communities, Inc."
70M203,ALF,80,Clatsop Retirement Village,947 Olney Ave.,"Astoria, OR 97103",,Clatsop Care Center Health District,Clatsop Care Center Health District
70M204,ALF,56,Springs at Clackamas Woods ALF,14314 SE Webster Rd.,"Milwaukie, OR 97267",,"TSL Clack OPS, LLC","The Springs Living, LLC"
70M205,ALF,54,Providence Benedictine Orchard House,550 S Main St.,"Mt. Angel, OR 97362",,Providence Health & Services - Oregon,Providence Health & Services - Oregon
70M206,ALF,61,Pheasant Pointe Assisted Living Community,835 E. Main Street,"Molalla, OR 97038",,"ARHC PPMOLOR01 TRS, LLC","FM Pheasant Pointe, LLC"
70M207,ALF,57,Regency Village at Prineville,830 North Elm Street,"Prineville, OR 97754",,"BD Prineville I, LLC","Regency Pacific Management, LLC"
70M208,ALF,70,Avamere Living at Newberg,730 Foothills Drive,"Newberg, OR 97132",,"Genesis Newberg Operations Company, LLC","Genesis Newberg Operations Company, LLC"
70M210,ALF,72,Orchards Assisted Living,1018 Royal Court,"Medford, OR 97504",,"Medford Assisted Living, LLC","Woollard Ipsen Management, LLC"
70M211,ALF,74,Prestige Senior Living Riverwood,18321 SW Pacific Hwy,"Tualatin, OR 97062",,CHP Tualatin-Riverwood OR Tenant Corp,"Prestige Senior Living, LLC"
70M212,ALF,48,East Cascade Retirement Community,175 NE 16th Street,"Madras, OR 97741",,"East Cascade Retirement Community, LLC","Senior Housing Managers, LLC"
70M213,ALF,68,Princeton Village Assisted Living Residence,14370 SE Oregon Trail Drive,"Clackamas, OR 97015",,"ARHC PVCLAOR01 TRS, LLC","FM Princeton, LLC"
70M216,ALF,54,Macdonald Residence,605 NW Couch Street,"Portland, OR 97209",,Macdonald Residence Limited Partnership,"Mennonite Management Services, Inc."
70M217,ALF,95,Aspen Ridge Retirement Community,1010 NE Purcell,"Bend, OR 97701",,"FM Aspen Ret, LLC","Frontier Management, LLC"
70M218,ALF,85,Avamere at Waterford Assisted Living Facility,760 Spring Street,"Medford, OR 97504",,"Waterford Operations, LLC","Waterford Operations, LLC"
70M219,ALF,65,"Springs at Mill Creek, The",1201 W 10th Street,"The Dalles, OR 97058",,"HSRE-Springs II at the Dalles, LLP","The Springs Living, LLC"
70M220,ALF,49,Redwood Terrace,3111 Canal Ave,"Grants Pass, OR 97527",,"Oregon Heights, LLC","Concepts in Community Living, Inc."
70M221,ALF,46,Prairie House Assisted Living Community,51485 Morson Street,"La Pine, OR 97739",,"Assisted Living Alternatives, Inc.",Ridgeline Management Co.
70M222,ALF,62,Cedar Village Assisted Living Community,4452 Lancaster Dr. NE,"Salem, OR 97305",,"ARHC CVSALOR01 TRS, LLC","FM Cedar Village, LLC"
70M223,ALF,56,Settler's Park Assisted Living Community,2895 17th St.,"Baker City, OR 97814",,LSREF Golden Ops 26 (OR) LLC,"SLH Rainier Manager, LLC"
70M225,ALF,76,Oak Park Assisted Living Community,1400 NE Rocky Ridge Dr.,"Roseburg, OR 97470",,"Roseburg Assisted Living, LLC",Bonaventure Senior Living
70M226,ALF,62,Brookdale Springfield Woodside,4851 Main Street,"Springfield, OR 97478",,Emeritus Corporation,"Brookdale Senior Living Communities, Inc."
70M227,ALF,65,Avamere at Sherwood Assisted Living Facility,16500 SW Century Dr.,"Sherwood, OR 97140",,"Avamere Sherwood Operations, LLC","Avamere-Sherwood Operations, LLC"
70M228,ALF,55,Cascadia Village Retirement Comm.,39495 Cascadia Village Drive,"Sandy, OR 97055",,"Sandy Assisted Living, LLC",Bonaventure Senior Living
70M229,ALF,86,Callahan Village,1801 Garden Valley Blvd.,"Roseburg, OR 97470",,LSREF Golden Ops UE (OR) LLC,"Frontier Management, LLC"
70M230,ALF,75,Pelican Pointe Assisted Living Community,615 Washburn Way,"Klamath Falls, OR 97603",,"ARHC PPKLAOR01 TRS, LLC","FM Pelican, LLC"
70M231,ALF,65,Avamere at Sandy Assisted Living  Facility,17727 SE Langensand,"Sandy, OR 97055",,"Avamere-Sandy Operations, LLC","Avamere-Sandy Operations, LLC"
70M233,ALF,53,Morrow Heights Retirement & Assisted Living Community,176 Wards Creek Road,"Rogue River, OR 97537",,LSREF Golden Ops 14 (OR) LLC,"Frontier Management, LLC"
70M234,ALF,70,Brookdale Eagle Point,261 Loto Street,"Eagle Point, OR 97524",,Emeritus Corporation,"Brookdale Senior Living Communities, Inc."
70M236,ALF,79,Brookdale Rose Valley Scappoose,33800 SE Frederick Street,"Scappoose, OR 97056",,Emeritus Corporation,"Brookdale Senior Living Communities, Inc."
70M237,ALF,36,Nyssa Gardens Assisted Living Facility,1101 Park Avenue,"Nyssa, OR 97913",,Malheur Memorial Hospital District,Malheur Memorial Health District
70M238,ALF,60,McKay Creek Estates,1601 Southgate Place,"Pendleton, OR 97801",,"Pendleton Ventures, L.L.C.","Prestige Senior Living, L.L.C."
70M239,ALF,80,Courtyard at Mt. Tabor,6323 SE Division,"Portland, OR 97206",,"Courtyard Assisted Members, LLC","Integral Senior Living, LLC"
70M240,ALF,75,Prestige Senior Living Huntington Terrace,1410 NE Cleveland,"Gresham, OR 97030",,CHP-Gresham-Huntington Terrace OR Tenant Corp.,"Prestige Senior Living, L.L.C"
70M241,ALF,53,High Lookee Lodge,2321 Ollallie Lane PO Box 6,"Warm Springs, OR 97761",,Confederated Tribes of Warm Springs Reservation of Oregon,Confederated Tribes of Warm Springs Reservation of Oregon
70M242,ALF,85,Lone Oak Assisted Living Facility,2615 Lone Oak Way,"Eugene, OR 97402",,LSREF Golden Ops 14 (OR) LLC,"Frontier Management, LLC"
70M243,ALF,75,Prestige Senior Living Beaverton Hills,4525 SW 99th Avenue,"Beaverton, OR 97005",,CHP Beaverton OR Tenant Corp,"Prestige Senior Living, LLC"
70M245,ALF,75,Avamere at Hillsboro Assisted Living Facility,2000 SE 30th Ave.,"Hillsboro, OR 97123",,"Avamere Hillsboro Operations, LLC","Avamere-Hillsboro Operations, LLC"
70M247,ALF,60,Cambridge Terrace Assisted Living,2800 14th Ave. SE,"Albany, OR 97321",,Albany Assisted Living LLC,Mountain West Retirement Corp.
70M248,ALF,97,Sun Terrace Hermiston,1550 NW 11th St.,"Hermiston, OR 97838",,Clay Davis Stroud - Oregon LLC,"Regency Pacific Management, LLC"
70M250,ALF,68,Deer Meadow Assisted Living Community,1350 W Main St,"Sheridan, OR 97378",,Aspen Foundation III,Aspen Foundation III
70M251,ALF,75,Brookdale Stayton,2201 3rd Ave.,"Stayton, OR 97383",,Emeritus Corporation,"Brookdale Senior Living Communities, Inc."
70M252,ALF,38,Laurelhurst House,15 SE 55th Ave,"Portland, OR 97215",,"Laurelhurst House, LLC","Touchstone Communities, LLC"
70M253,ALF,51,Ridgeview Assisted Living Center,872 Golfview Drive,"Medford, OR 97504",,"Ridgeview Assisted Living Center, LLC","Ridgeview Assisted Living Center, LLC"
70M254,ALF,90,Brookdale Grants Pass Village,1420 Redwood Circle,"Grants Pass, OR 97527",,"S-H OpCO Spring Village, LLC","Brookdale Senior Living Communities, Inc."
70M255,ALF,55,Woodland Heights,9355 SW McDonald St.,"Tigard, OR 97224",,"Woodland Heights, LLC","Woodland Heights, LLC"
70M256,ALF,55,Wildflower Lodge Assisted Living Community,508 16th St.,"LaGrande, OR 97850",,LSREF Golden Ops 14 (OR) LLC,"SLH Rainier Manager, LLC"
70M257,ALF,79,Marie Rose Center Assisted Living,17360 Holy Names Drive,"Lake Oswego, OR 97034",,"Mary's Woods at Marylhurst, Inc.","Mary's Woods at Marylhurst, Inc."
70M258,ALF,70,Avamere Living at St. Helens,2400 Gable Rd.,"St. Helens, OR 97051",,"Avamere - St. Helens Operations, LLC","Avamere-St.Helens Operations, LLC"
70M313,ALF,84,"Springs at Tanasbourne II, LLC",1950 NW 192nd Avenue,"Hillsboro, OR 97124",,"Springs at Tanasbourne II, LLC","The Springs Living, LLC"
70M350,ALF,119,"Village at Keizer Ridge, The",1165 McGee Court,"Keizer, OR 97303",,"VKR, LLC","Keizer Care Properties, LLC"
7MU215,ALF,126,St. Anthony Village,3560 SE 79th Avenue,"Portland, OR 97206",,St. Anthony Village Associates LP,SAGE
0O0O0O,,57,Fake Facility,1234 Fake St,"Nowheresville, NY 05400",,Fake Company,"Not a Company, LLC"